fips,Forecast_Reference,Forecast_Model,Actual_Target
01001,62.0,62.0,94.0
01003,120.0,120.0,238.0
01005,26.0,26.0,31.0
01007,14.0,14.0,49.0
01009,41.0,41.0,94.0
01011,6.0,6.0,9.0
01013,20.0,20.0,34.0
01015,111.0,111.0,103.0
01017,9.0,9.0,25.0
01019,7.0,7.0,5.0
01021,39.0,39.0,50.0
01023,12.0,12.0,10.0
01025,16.0,16.0,10.0
01027,7.0,7.0,11.0
01029,9.0,9.0,32.0
01031,22.0,22.0,55.0
01033,22.0,22.0,88.0
01035,3.0,3.0,7.0
01037,9.0,9.0,32.0
01039,17.0,17.0,12.0
01041,11.0,11.0,8.0
01043,69.0,69.0,221.0
01045,22.0,22.0,27.0
01047,10.0,10.0,57.0
01049,54.0,54.0,92.0
01051,94.0,94.0,193.0
01053,12.0,12.0,31.0
01055,72.0,72.0,113.0
01057,7.0,7.0,15.0
01059,34.0,34.0,128.0
01061,10.0,10.0,9.0
01063,1.0,1.0,6.0
01065,9.0,9.0,12.0
01067,7.0,7.0,12.0
01069,52.0,52.0,54.0
01071,27.0,27.0,129.0
01073,634.0,634.0,1337.0
01075,8.0,8.0,21.0
01077,55.0,55.0,336.0
01079,13.0,13.0,40.0
01081,64.0,64.0,136.0
01083,41.0,41.0,184.0
01085,8.0,8.0,16.0
01087,12.0,12.0,29.0
01089,189.0,189.0,357.0
01091,17.0,17.0,18.0
01093,35.0,35.0,94.0
01095,51.0,51.0,288.0
01097,228.0,228.0,488.0
01099,6.0,6.0,19.0
01101,172.0,172.0,426.0
01103,80.0,80.0,190.0
01105,4.0,4.0,5.0
01107,11.0,11.0,47.0
01109,15.0,15.0,44.0
01111,17.0,17.0,55.0
01113,37.0,37.0,59.0
01117,217.0,217.0,290.0
01115,59.0,59.0,149.0
01119,9.0,9.0,10.0
01121,66.0,66.0,158.0
01123,27.0,27.0,161.0
01125,147.0,147.0,264.0
01127,64.0,64.0,321.0
01129,6.0,6.0,48.0
01131,8.0,8.0,2.0
01133,13.0,13.0,99.0
02013,0.0,0.0,1.0
02016,14.0,14.0,0.0
02020,251.0,251.0,327.0
02050,26.0,26.0,45.0
02060,0.0,0.0,14.0
02068,1.0,1.0,3.0
02070,1.0,1.0,0.0
02090,65.0,65.0,76.0
02100,0.0,0.0,0.0
02105,0.0,0.0,1.0
02110,8.0,8.0,12.0
02122,20.0,20.0,32.0
02130,2.0,2.0,6.0
02150,1.0,1.0,4.0
02158,4.0,4.0,2.0
02164,0.0,0.0,0.0
02170,231.0,231.0,254.0
02180,1.0,1.0,2.0
02185,5.0,5.0,6.0
02188,3.0,3.0,4.0
02195,7.0,7.0,4.0
02198,1.0,1.0,1.0
02220,3.0,3.0,1.0
02230,0.0,0.0,0.0
02240,16.0,16.0,56.0
02261,0.0,0.0,0.0
02275,0.0,0.0,0.0
02282,0.0,0.0,0.0
02290,2.0,2.0,2.0
04001,62.0,62.0,32.0
04003,76.0,76.0,63.0
04005,104.0,104.0,88.0
04007,21.0,21.0,13.0
04009,16.0,16.0,20.0
04011,2.0,2.0,1.0
04012,5.0,5.0,3.0
04013,4037.0,4037.0,764.0
04015,153.0,153.0,157.0
04017,51.0,51.0,0.0
04019,629.0,629.0,375.0
04021,610.0,610.0,925.0
04023,23.0,23.0,21.0
04025,170.0,170.0,122.0
04027,54.0,54.0,61.0
05001,3.0,3.0,17.0
05003,14.0,14.0,15.0
05005,46.0,46.0,41.0
05007,227.0,227.0,189.0
05009,25.0,25.0,13.0
05011,5.0,5.0,12.0
05013,3.0,3.0,4.0
05015,7.0,7.0,4.0
05017,8.0,8.0,6.0
05019,7.0,7.0,8.0
05021,6.0,6.0,6.0
05023,11.0,11.0,16.0
05025,8.0,8.0,2.0
05027,10.0,10.0,13.0
05029,6.0,6.0,8.0
05031,50.0,50.0,47.0
05033,40.0,40.0,43.0
05035,17.0,17.0,25.0
05037,5.0,5.0,2.0
05039,3.0,3.0,2.0
05041,9.0,9.0,3.0
05043,10.0,10.0,7.0
05045,127.0,127.0,72.0
05047,14.0,14.0,9.0
05049,7.0,7.0,6.0
05051,64.0,64.0,40.0
05053,16.0,16.0,10.0
05055,26.0,26.0,28.0
05057,9.0,9.0,13.0
05059,24.0,24.0,24.0
05061,10.0,10.0,2.0
05063,8.0,8.0,14.0
05065,4.0,4.0,0.0
05067,12.0,12.0,3.0
05069,36.0,36.0,23.0
05071,24.0,24.0,31.0
05073,3.0,3.0,0.0
05075,5.0,5.0,3.0
05077,4.0,4.0,2.0
05079,6.0,6.0,2.0
05081,13.0,13.0,4.0
05083,11.0,11.0,10.0
05085,53.0,53.0,41.0
05087,7.0,7.0,6.0
05089,6.0,6.0,16.0
05091,37.0,37.0,49.0
05093,13.0,13.0,19.0
05095,8.0,8.0,10.0
05097,5.0,5.0,3.0
05099,6.0,6.0,10.0
05101,2.0,2.0,5.0
05103,12.0,12.0,15.0
05105,5.0,5.0,11.0
05107,7.0,7.0,4.0
05109,6.0,6.0,3.0
05111,6.0,6.0,9.0
05113,9.0,9.0,31.0
05115,33.0,33.0,25.0
05117,5.0,5.0,0.0
05119,191.0,191.0,235.0
05121,20.0,20.0,8.0
05125,63.0,63.0,80.0
05127,3.0,3.0,0.0
05129,1.0,1.0,2.0
05131,99.0,99.0,85.0
05133,24.0,24.0,13.0
05135,7.0,7.0,6.0
05123,14.0,14.0,15.0
05137,3.0,3.0,8.0
05139,47.0,47.0,23.0
05141,6.0,6.0,8.0
05143,180.0,180.0,153.0
05145,40.0,40.0,52.0
05147,2.0,2.0,5.0
05149,9.0,9.0,6.0
06001,594.0,594.0,302.0
06003,1.0,1.0,0.0
06005,13.0,13.0,5.0
06007,72.0,72.0,39.0
06009,16.0,16.0,17.0
06011,10.0,10.0,1.0
06013,556.0,556.0,316.0
06015,24.0,24.0,23.0
06017,62.0,62.0,43.0
06019,772.0,772.0,375.0
06021,14.0,14.0,18.0
06023,60.0,60.0,53.0
06025,99.0,99.0,61.0
06027,18.0,18.0,9.0
06029,561.0,561.0,249.0
06031,151.0,151.0,90.0
06033,33.0,33.0,30.0
06035,9.0,9.0,3.0
06037,7757.0,7757.0,1831.0
06039,118.0,118.0,63.0
06041,87.0,87.0,54.0
06043,1.0,1.0,2.0
06045,32.0,32.0,16.0
06047,263.0,263.0,151.0
06049,3.0,3.0,0.0
06051,6.0,6.0,11.0
06053,128.0,128.0,112.0
06055,57.0,57.0,61.0
06057,60.0,60.0,20.0
06059,996.0,996.0,462.0
06061,196.0,196.0,102.0
06063,5.0,5.0,6.0
06065,892.0,892.0,548.0
06067,771.0,771.0,526.0
06069,25.0,25.0,17.0
06071,817.0,817.0,405.0
06073,2129.0,2129.0,696.0
06075,217.0,217.0,107.0
06077,459.0,459.0,322.0
06079,142.0,142.0,96.0
06081,270.0,270.0,168.0
06083,252.0,252.0,131.0
06085,810.0,810.0,509.0
06087,165.0,165.0,37.0
06089,69.0,69.0,52.0
06091,0.0,0.0,0.0
06093,31.0,31.0,5.0
06095,191.0,191.0,90.0
06097,249.0,249.0,115.0
06099,516.0,516.0,288.0
06101,44.0,44.0,40.0
06103,38.0,38.0,32.0
06105,3.0,3.0,2.0
06107,238.0,238.0,123.0
06109,16.0,16.0,11.0
06111,356.0,356.0,265.0
06113,107.0,107.0,65.0
06115,54.0,54.0,19.0
08001,576.0,576.0,591.0
08003,16.0,16.0,11.0
08005,659.0,659.0,569.0
08007,20.0,20.0,16.0
08009,1.0,1.0,1.0
08011,2.0,2.0,1.0
08013,352.0,352.0,354.0
08014,109.0,109.0,76.0
08015,13.0,13.0,4.0
08017,0.0,0.0,1.0
08019,7.0,7.0,7.0
08021,4.0,4.0,6.0
08023,2.0,2.0,1.0
08025,16.0,16.0,24.0
08027,0.0,0.0,1.0
08029,9.0,9.0,8.0
08031,943.0,943.0,671.0
08033,0.0,0.0,0.0
08035,517.0,517.0,345.0
08037,122.0,122.0,125.0
08041,807.0,807.0,857.0
08039,22.0,22.0,31.0
08043,23.0,23.0,15.0
08045,54.0,54.0,50.0
08047,3.0,3.0,7.0
08049,12.0,12.0,10.0
08051,8.0,8.0,1.0
08053,1.0,1.0,0.0
08055,4.0,4.0,7.0
08057,0.0,0.0,0.0
08059,658.0,658.0,550.0
08061,0.0,0.0,0.0
08063,6.0,6.0,8.0
08067,104.0,104.0,69.0
08065,7.0,7.0,14.0
08069,429.0,429.0,308.0
08071,7.0,7.0,9.0
08073,1.0,1.0,2.0
08075,16.0,16.0,6.0
08077,76.0,76.0,58.0
08079,2.0,2.0,0.0
08081,5.0,5.0,3.0
08083,13.0,13.0,12.0
08085,8.0,8.0,13.0
08087,22.0,22.0,23.0
08089,5.0,5.0,3.0
08091,2.0,2.0,4.0
08093,9.0,9.0,8.0
08095,2.0,2.0,2.0
08097,63.0,63.0,90.0
08099,1.0,1.0,4.0
08101,150.0,150.0,125.0
08103,5.0,5.0,11.0
08105,11.0,11.0,7.0
08107,39.0,39.0,26.0
08109,2.0,2.0,1.0
08111,0.0,0.0,1.0
08113,7.0,7.0,6.0
08115,1.0,1.0,2.0
08117,46.0,46.0,62.0
08119,19.0,19.0,29.0
08121,9.0,9.0,11.0
08123,423.0,423.0,334.0
08125,29.0,29.0,35.0
09001,1264.0,1264.0,1922.0
09003,751.0,751.0,1167.0
09005,206.0,206.0,367.0
09007,169.0,169.0,251.0
09009,1349.0,1349.0,1788.0
09011,225.0,225.0,281.0
09013,125.0,125.0,154.0
09015,108.0,108.0,147.0
10001,180.0,180.0,204.0
10003,1070.0,1070.0,1258.0
10005,187.0,187.0,261.0
12001,192.0,192.0,196.0
12003,6.0,6.0,16.0
12005,138.0,138.0,229.0
12007,13.0,13.0,15.0
12009,638.0,638.0,678.0
12011,3595.0,3595.0,4244.0
12013,12.0,12.0,5.0
12015,127.0,127.0,177.0
12017,86.0,86.0,141.0
12019,121.0,121.0,130.0
12021,404.0,404.0,502.0
12023,18.0,18.0,26.0
12027,43.0,43.0,45.0
12029,12.0,12.0,10.0
12031,789.0,789.0,802.0
12033,258.0,258.0,160.0
12035,117.0,117.0,160.0
12037,4.0,4.0,5.0
12039,21.0,21.0,21.0
12041,14.0,14.0,14.0
12043,3.0,3.0,8.0
12045,7.0,7.0,7.0
12047,2.0,2.0,2.0
12049,21.0,21.0,19.0
12051,20.0,20.0,54.0
12053,199.0,199.0,210.0
12055,69.0,69.0,83.0
12057,1719.0,1719.0,2287.0
12059,6.0,6.0,5.0
12061,103.0,103.0,127.0
12063,27.0,27.0,30.0
12065,1.0,1.0,6.0
12067,6.0,6.0,2.0
12069,341.0,341.0,414.0
12071,926.0,926.0,1087.0
12073,225.0,225.0,212.0
12075,45.0,45.0,50.0
12077,3.0,3.0,2.0
12079,11.0,11.0,4.0
12081,535.0,535.0,583.0
12083,265.0,265.0,256.0
12085,132.0,132.0,169.0
12086,6221.0,6221.0,7303.0
12087,111.0,111.0,114.0
12089,53.0,53.0,62.0
12091,209.0,209.0,161.0
12093,27.0,27.0,34.0
12095,1494.0,1494.0,1965.0
12097,498.0,498.0,570.0
12099,2128.0,2128.0,2324.0
12101,552.0,552.0,617.0
12103,1018.0,1018.0,1177.0
12105,697.0,697.0,834.0
12107,35.0,35.0,29.0
12113,127.0,127.0,131.0
12115,402.0,402.0,471.0
12117,468.0,468.0,617.0
12109,198.0,198.0,221.0
12111,395.0,395.0,344.0
12119,107.0,107.0,150.0
12121,18.0,18.0,31.0
12123,11.0,11.0,10.0
12125,7.0,7.0,6.0
12127,579.0,579.0,799.0
12129,15.0,15.0,20.0
12131,54.0,54.0,47.0
12133,6.0,6.0,7.0
13001,18.0,18.0,7.0
13003,2.0,2.0,0.0
13005,1.0,1.0,5.0
13007,1.0,1.0,1.0
13009,28.0,28.0,12.0
13011,13.0,13.0,6.0
13013,96.0,96.0,72.0
13015,160.0,160.0,195.0
13017,4.0,4.0,0.0
13019,16.0,16.0,2.0
13021,85.0,85.0,54.0
13023,7.0,7.0,1.0
13025,8.0,8.0,6.0
13027,11.0,11.0,3.0
13029,48.0,48.0,41.0
13031,33.0,33.0,14.0
13033,17.0,17.0,11.0
13035,22.0,22.0,16.0
13037,0.0,0.0,0.0
13039,27.0,27.0,6.0
13043,2.0,2.0,5.0
13045,58.0,58.0,34.0
13047,52.0,52.0,44.0
13049,11.0,11.0,5.0
13051,249.0,249.0,226.0
13053,67.0,67.0,49.0
13055,10.0,10.0,17.0
13057,330.0,330.0,301.0
13059,116.0,116.0,68.0
13061,0.0,0.0,0.0
13063,263.0,263.0,238.0
13065,3.0,3.0,0.0
13067,765.0,765.0,585.0
13069,11.0,11.0,5.0
13071,24.0,24.0,36.0
13073,94.0,94.0,38.0
13075,14.0,14.0,2.0
13077,118.0,118.0,60.0
13079,2.0,2.0,3.0
13081,7.0,7.0,66.0
13083,17.0,17.0,7.0
13085,19.0,19.0,16.0
13087,14.0,14.0,12.0
13089,649.0,649.0,824.0
13091,1.0,1.0,0.0
13093,9.0,9.0,19.0
13095,31.0,31.0,23.0
13097,158.0,158.0,92.0
13099,5.0,5.0,9.0
13101,1.0,1.0,0.0
13103,50.0,50.0,11.0
13105,10.0,10.0,2.0
13107,9.0,9.0,8.0
13109,3.0,3.0,6.0
13111,14.0,14.0,11.0
13113,60.0,60.0,54.0
13115,101.0,101.0,100.0
13117,279.0,279.0,240.0
13119,10.0,10.0,5.0
13121,1043.0,1043.0,910.0
13123,19.0,19.0,2.0
13125,1.0,1.0,2.0
13127,69.0,69.0,15.0
13129,90.0,90.0,49.0
13131,10.0,10.0,2.0
13133,12.0,12.0,10.0
13135,842.0,842.0,613.0
13137,33.0,33.0,11.0
13139,143.0,143.0,121.0
13141,3.0,3.0,2.0
13143,16.0,16.0,13.0
13145,24.0,24.0,37.0
13147,12.0,12.0,9.0
13149,3.0,3.0,3.0
13151,386.0,386.0,295.0
13153,103.0,103.0,58.0
13155,2.0,2.0,0.0
13157,79.0,79.0,56.0
13159,11.0,11.0,9.0
13161,9.0,9.0,14.0
13163,6.0,6.0,0.0
13165,4.0,4.0,5.0
13167,1.0,1.0,0.0
13169,12.0,12.0,7.0
13171,12.0,12.0,11.0
13173,3.0,3.0,0.0
13175,12.0,12.0,2.0
13177,20.0,20.0,6.0
13179,85.0,85.0,123.0
13181,5.0,5.0,4.0
13183,16.0,16.0,10.0
13185,97.0,97.0,57.0
13187,12.0,12.0,14.0
13193,2.0,2.0,1.0
13195,25.0,25.0,9.0
13197,2.0,2.0,1.0
13189,15.0,15.0,11.0
13191,3.0,3.0,64.0
13199,9.0,9.0,9.0
13201,8.0,8.0,19.0
13205,4.0,4.0,4.0
13207,27.0,27.0,16.0
13209,1.0,1.0,0.0
13211,27.0,27.0,8.0
13213,27.0,27.0,35.0
13215,147.0,147.0,275.0
13217,137.0,137.0,69.0
13219,44.0,44.0,57.0
13221,12.0,12.0,11.0
13223,140.0,140.0,132.0
13225,16.0,16.0,10.0
13227,35.0,35.0,15.0
13229,12.0,12.0,8.0
13231,13.0,13.0,9.0
13233,28.0,28.0,39.0
13235,4.0,4.0,4.0
13237,23.0,23.0,21.0
13239,1.0,1.0,0.0
13241,7.0,7.0,5.0
13243,2.0,2.0,3.0
13245,130.0,130.0,84.0
13247,93.0,93.0,66.0
13249,5.0,5.0,0.0
13251,7.0,7.0,3.0
13253,3.0,3.0,6.0
13255,74.0,74.0,43.0
13257,18.0,18.0,14.0
13259,6.0,6.0,3.0
13261,10.0,10.0,3.0
13263,2.0,2.0,5.0
13265,1.0,1.0,1.0
13267,16.0,16.0,6.0
13269,1.0,1.0,6.0
13271,3.0,3.0,1.0
13273,5.0,5.0,3.0
13275,17.0,17.0,0.0
13277,19.0,19.0,6.0
13279,16.0,16.0,31.0
13281,5.0,5.0,9.0
13283,1.0,1.0,0.0
13285,58.0,58.0,49.0
13287,2.0,2.0,5.0
13289,7.0,7.0,4.0
13291,8.0,8.0,13.0
13293,28.0,28.0,8.0
13295,57.0,57.0,52.0
13297,148.0,148.0,88.0
13299,15.0,15.0,14.0
13301,4.0,4.0,2.0
13303,13.0,13.0,5.0
13305,17.0,17.0,29.0
13307,2.0,2.0,1.0
13309,2.0,2.0,0.0
13311,11.0,11.0,9.0
13313,62.0,62.0,81.0
13315,2.0,2.0,7.0
13317,7.0,7.0,3.0
13319,8.0,8.0,3.0
13321,6.0,6.0,5.0
15001,65.0,65.0,53.0
15003,217.0,217.0,292.0
15005,0.0,0.0,0.0
15007,2.0,2.0,1.0
15009,117.0,117.0,186.0
16001,437.0,437.0,480.0
16003,1.0,1.0,0.0
16005,73.0,73.0,117.0
16007,3.0,3.0,1.0
16009,8.0,8.0,2.0
16011,86.0,86.0,82.0
16013,10.0,10.0,9.0
16015,3.0,3.0,3.0
16017,23.0,23.0,21.0
16019,415.0,415.0,438.0
16021,2.0,2.0,10.0
16023,1.0,1.0,1.0
16025,0.0,0.0,1.0
16027,136.0,136.0,181.0
16029,1.0,1.0,0.0
16031,7.0,7.0,5.0
16033,0.0,0.0,1.0
16035,5.0,5.0,3.0
16037,1.0,1.0,3.0
16039,14.0,14.0,9.0
16041,6.0,6.0,8.0
16043,9.0,9.0,12.0
16045,2.0,2.0,4.0
16047,3.0,3.0,3.0
16049,2.0,2.0,2.0
16051,64.0,64.0,82.0
16053,4.0,4.0,12.0
16055,103.0,103.0,87.0
16057,45.0,45.0,30.0
16059,4.0,4.0,6.0
16061,1.0,1.0,2.0
16063,1.0,1.0,1.0
16065,83.0,83.0,112.0
16067,8.0,8.0,6.0
16069,20.0,20.0,28.0
16071,1.0,1.0,2.0
16073,6.0,6.0,6.0
16075,13.0,13.0,13.0
16077,3.0,3.0,2.0
16079,6.0,6.0,12.0
16081,11.0,11.0,14.0
16083,32.0,32.0,32.0
16085,7.0,7.0,6.0
16087,3.0,3.0,9.0
17001,16.0,16.0,8.0
17003,1.0,1.0,0.0
17005,2.0,2.0,4.0
17007,36.0,36.0,45.0
17009,6.0,6.0,2.0
17011,26.0,26.0,19.0
17013,3.0,3.0,12.0
17015,8.0,8.0,15.0
17017,2.0,2.0,5.0
17019,162.0,162.0,209.0
17021,22.0,22.0,21.0
17023,4.0,4.0,13.0
17025,8.0,8.0,6.0
17027,18.0,18.0,38.0
17029,42.0,42.0,50.0
17031,3803.0,3803.0,5178.0
17033,4.0,4.0,11.0
17035,12.0,12.0,14.0
17039,9.0,9.0,6.0
17037,67.0,67.0,69.0
17041,19.0,19.0,17.0
17043,801.0,801.0,1309.0
17045,24.0,24.0,21.0
17047,5.0,5.0,3.0
17049,4.0,4.0,20.0
17051,2.0,2.0,7.0
17053,14.0,14.0,9.0
17055,15.0,15.0,29.0
17057,50.0,50.0,122.0
17059,4.0,4.0,3.0
17061,4.0,4.0,5.0
17063,55.0,55.0,68.0
17065,2.0,2.0,0.0
17067,2.0,2.0,0.0
17069,4.0,4.0,5.0
17071,3.0,3.0,5.0
17073,28.0,28.0,35.0
17075,13.0,13.0,12.0
17077,24.0,24.0,19.0
17079,1.0,1.0,5.0
17081,14.0,14.0,26.0
17083,16.0,16.0,8.0
17085,10.0,10.0,7.0
17087,7.0,7.0,3.0
17089,392.0,392.0,383.0
17091,102.0,102.0,90.0
17093,110.0,110.0,126.0
17095,8.0,8.0,31.0
17097,569.0,569.0,577.0
17099,89.0,89.0,112.0
17101,18.0,18.0,16.0
17103,50.0,50.0,79.0
17105,35.0,35.0,37.0
17107,14.0,14.0,45.0
17115,120.0,120.0,84.0
17117,30.0,30.0,40.0
17119,237.0,237.0,268.0
17121,19.0,19.0,26.0
17123,12.0,12.0,23.0
17125,8.0,8.0,15.0
17127,15.0,15.0,3.0
17109,9.0,9.0,24.0
17111,221.0,221.0,284.0
17113,159.0,159.0,207.0
17129,9.0,9.0,30.0
17131,6.0,6.0,5.0
17133,26.0,26.0,37.0
17135,18.0,18.0,16.0
17137,23.0,23.0,19.0
17139,7.0,7.0,10.0
17141,65.0,65.0,92.0
17143,173.0,173.0,339.0
17145,11.0,11.0,8.0
17147,18.0,18.0,12.0
17149,13.0,13.0,10.0
17151,3.0,3.0,5.0
17153,1.0,1.0,2.0
17155,5.0,5.0,3.0
17157,16.0,16.0,8.0
17159,6.0,6.0,8.0
17161,133.0,133.0,108.0
17165,25.0,25.0,15.0
17167,121.0,121.0,194.0
17169,3.0,3.0,2.0
17171,2.0,2.0,1.0
17173,18.0,18.0,18.0
17163,296.0,296.0,240.0
17175,2.0,2.0,6.0
17177,40.0,40.0,42.0
17179,137.0,137.0,166.0
17181,6.0,6.0,7.0
17183,64.0,64.0,73.0
17185,3.0,3.0,6.0
17187,1.0,1.0,3.0
17189,7.0,7.0,7.0
17191,4.0,4.0,3.0
17193,14.0,14.0,11.0
17195,47.0,47.0,92.0
17197,671.0,671.0,689.0
17199,65.0,65.0,61.0
17201,128.0,128.0,217.0
17203,35.0,35.0,65.0
18001,27.0,27.0,13.0
18003,345.0,345.0,428.0
18005,44.0,44.0,31.0
18007,3.0,3.0,7.0
18009,12.0,12.0,46.0
18011,55.0,55.0,44.0
18013,1.0,1.0,10.0
18015,5.0,5.0,15.0
18017,30.0,30.0,49.0
18019,105.0,105.0,107.0
18021,11.0,11.0,16.0
18023,22.0,22.0,17.0
18025,7.0,7.0,14.0
18027,6.0,6.0,3.0
18029,19.0,19.0,16.0
18031,7.0,7.0,15.0
18033,18.0,18.0,29.0
18035,68.0,68.0,53.0
18037,29.0,29.0,24.0
18039,177.0,177.0,223.0
18041,10.0,10.0,4.0
18043,28.0,28.0,55.0
18045,5.0,5.0,5.0
18047,8.0,8.0,11.0
18049,14.0,14.0,27.0
18051,40.0,40.0,43.0
18053,34.0,34.0,50.0
18055,17.0,17.0,16.0
18057,226.0,226.0,266.0
18059,60.0,60.0,67.0
18061,41.0,41.0,61.0
18063,105.0,105.0,112.0
18065,22.0,22.0,19.0
18067,71.0,71.0,74.0
18069,41.0,41.0,50.0
18071,15.0,15.0,35.0
18073,29.0,29.0,26.0
18075,11.0,11.0,14.0
18077,11.0,11.0,10.0
18079,21.0,21.0,10.0
18081,124.0,124.0,170.0
18083,6.0,6.0,7.0
18085,40.0,40.0,60.0
18087,12.0,12.0,9.0
18089,320.0,320.0,355.0
18091,78.0,78.0,74.0
18093,17.0,17.0,22.0
18095,71.0,71.0,71.0
18097,556.0,556.0,582.0
18099,34.0,34.0,44.0
18101,3.0,3.0,5.0
18103,27.0,27.0,27.0
18105,93.0,93.0,127.0
18107,39.0,39.0,50.0
18109,44.0,44.0,46.0
18111,5.0,5.0,11.0
18113,31.0,31.0,29.0
18115,1.0,1.0,1.0
18117,4.0,4.0,9.0
18119,18.0,18.0,9.0
18121,5.0,5.0,7.0
18123,11.0,11.0,4.0
18125,2.0,2.0,0.0
18127,129.0,129.0,127.0
18129,13.0,13.0,16.0
18131,10.0,10.0,12.0
18133,37.0,37.0,44.0
18135,11.0,11.0,10.0
18137,5.0,5.0,11.0
18139,3.0,3.0,8.0
18143,15.0,15.0,9.0
18145,32.0,32.0,32.0
18147,18.0,18.0,21.0
18141,423.0,423.0,519.0
18149,9.0,9.0,8.0
18151,24.0,24.0,29.0
18153,8.0,8.0,8.0
18155,1.0,1.0,5.0
18157,165.0,165.0,143.0
18159,18.0,18.0,29.0
18161,6.0,6.0,4.0
18163,119.0,119.0,106.0
18165,6.0,6.0,6.0
18167,80.0,80.0,98.0
18169,18.0,18.0,17.0
18171,3.0,3.0,2.0
18173,41.0,41.0,37.0
18175,16.0,16.0,30.0
18177,28.0,28.0,35.0
18179,21.0,21.0,42.0
18181,14.0,14.0,12.0
18183,25.0,25.0,34.0
19001,5.0,5.0,10.0
19003,0.0,0.0,0.0
19005,16.0,16.0,10.0
19007,2.0,2.0,10.0
19009,2.0,2.0,0.0
19011,29.0,29.0,11.0
19013,85.0,85.0,71.0
19015,19.0,19.0,15.0
19017,24.0,24.0,11.0
19019,15.0,15.0,19.0
19021,15.0,15.0,18.0
19023,6.0,6.0,7.0
19025,7.0,7.0,12.0
19027,25.0,25.0,19.0
19029,11.0,11.0,11.0
19031,20.0,20.0,9.0
19033,32.0,32.0,17.0
19035,19.0,19.0,18.0
19037,3.0,3.0,5.0
19039,7.0,7.0,4.0
19041,41.0,41.0,32.0
19043,5.0,5.0,11.0
19045,28.0,28.0,39.0
19047,18.0,18.0,13.0
19049,105.0,105.0,101.0
19051,6.0,6.0,5.0
19053,5.0,5.0,1.0
19055,13.0,13.0,18.0
19057,24.0,24.0,17.0
19059,32.0,32.0,63.0
19061,52.0,52.0,52.0
19063,9.0,9.0,19.0
19065,7.0,7.0,7.0
19067,13.0,13.0,12.0
19069,4.0,4.0,5.0
19071,2.0,2.0,3.0
19073,7.0,7.0,6.0
19075,4.0,4.0,2.0
19077,9.0,9.0,7.0
19079,4.0,4.0,7.0
19081,6.0,6.0,8.0
19083,12.0,12.0,19.0
19085,9.0,9.0,13.0
19087,8.0,8.0,8.0
19089,8.0,8.0,7.0
19091,7.0,7.0,12.0
19093,21.0,21.0,14.0
19095,11.0,11.0,13.0
19097,9.0,9.0,12.0
19099,36.0,36.0,20.0
19101,4.0,4.0,4.0
19103,67.0,67.0,74.0
19105,9.0,9.0,13.0
19107,3.0,3.0,3.0
19109,18.0,18.0,32.0
19111,6.0,6.0,3.0
19113,87.0,87.0,106.0
19115,5.0,5.0,6.0
19117,10.0,10.0,9.0
19119,10.0,10.0,7.0
19121,21.0,21.0,13.0
19123,10.0,10.0,8.0
19125,28.0,28.0,19.0
19127,30.0,30.0,28.0
19129,10.0,10.0,22.0
19131,11.0,11.0,8.0
19133,7.0,7.0,6.0
19135,5.0,5.0,7.0
19137,3.0,3.0,2.0
19139,44.0,44.0,47.0
19141,23.0,23.0,31.0
19143,3.0,3.0,5.0
19145,15.0,15.0,13.0
19147,9.0,9.0,11.0
19149,28.0,28.0,41.0
19151,4.0,4.0,9.0
19153,565.0,565.0,663.0
19155,71.0,71.0,115.0
19157,12.0,12.0,11.0
19159,6.0,6.0,4.0
19161,14.0,14.0,12.0
19163,135.0,135.0,162.0
19165,12.0,12.0,13.0
19167,27.0,27.0,55.0
19169,85.0,85.0,90.0
19171,6.0,6.0,9.0
19173,1.0,1.0,1.0
19175,6.0,6.0,9.0
19177,1.0,1.0,1.0
19179,52.0,52.0,58.0
19181,62.0,62.0,53.0
19183,16.0,16.0,11.0
19185,12.0,12.0,11.0
19187,19.0,19.0,21.0
19189,10.0,10.0,12.0
19191,13.0,13.0,16.0
19193,144.0,144.0,206.0
19195,4.0,4.0,5.0
19197,9.0,9.0,4.0
20001,18.0,18.0,17.0
20003,4.0,4.0,4.0
20005,8.0,8.0,8.0
20007,1.0,1.0,0.0
20009,6.0,6.0,4.0
20011,6.0,6.0,10.0
20013,3.0,3.0,0.0
20015,36.0,36.0,38.0
20017,1.0,1.0,1.0
20019,2.0,2.0,1.0
20021,5.0,5.0,24.0
20023,2.0,2.0,1.0
20025,0.0,0.0,3.0
20027,3.0,3.0,0.0
20029,1.0,1.0,3.0
20031,2.0,2.0,7.0
20033,0.0,0.0,3.0
20035,37.0,37.0,11.0
20037,28.0,28.0,36.0
20039,1.0,1.0,1.0
20041,8.0,8.0,4.0
20043,7.0,7.0,2.0
20045,72.0,72.0,0.0
20047,1.0,1.0,0.0
20049,2.0,2.0,0.0
20051,9.0,9.0,13.0
20053,2.0,2.0,0.0
20055,4.0,4.0,0.0
20057,18.0,18.0,19.0
20059,16.0,16.0,11.0
20061,31.0,31.0,16.0
20063,0.0,0.0,0.0
20065,1.0,1.0,0.0
20067,0.0,0.0,0.0
20069,1.0,1.0,0.0
20071,0.0,0.0,0.0
20073,1.0,1.0,0.0
20075,0.0,0.0,0.0
20077,3.0,3.0,8.0
20079,19.0,19.0,26.0
20081,1.0,1.0,2.0
20083,1.0,1.0,1.0
20085,8.0,8.0,13.0
20087,5.0,5.0,15.0
20089,1.0,1.0,3.0
20091,352.0,352.0,372.0
20093,0.0,0.0,0.0
20095,1.0,1.0,2.0
20097,1.0,1.0,0.0
20099,11.0,11.0,61.0
20101,0.0,0.0,0.0
20103,71.0,71.0,62.0
20105,1.0,1.0,1.0
20107,7.0,7.0,6.0
20109,0.0,0.0,2.0
20111,25.0,25.0,31.0
20115,7.0,7.0,3.0
20117,2.0,2.0,4.0
20113,20.0,20.0,15.0
20119,3.0,3.0,2.0
20121,7.0,7.0,11.0
20123,1.0,1.0,0.0
20125,31.0,31.0,29.0
20127,2.0,2.0,0.0
20129,1.0,1.0,0.0
20131,8.0,8.0,6.0
20133,4.0,4.0,0.0
20135,1.0,1.0,0.0
20137,1.0,1.0,0.0
20139,3.0,3.0,6.0
20141,0.0,0.0,0.0
20143,0.0,0.0,0.0
20145,2.0,2.0,1.0
20147,4.0,4.0,3.0
20149,15.0,15.0,18.0
20151,2.0,2.0,0.0
20153,1.0,1.0,0.0
20155,13.0,13.0,12.0
20157,0.0,0.0,0.0
20159,4.0,4.0,0.0
20161,22.0,22.0,0.0
20163,5.0,5.0,6.0
20165,1.0,1.0,1.0
20167,3.0,3.0,2.0
20169,35.0,35.0,14.0
20171,0.0,0.0,4.0
20173,271.0,271.0,185.0
20175,16.0,16.0,0.0
20177,78.0,78.0,120.0
20179,1.0,1.0,2.0
20181,4.0,4.0,0.0
20183,2.0,2.0,0.0
20185,1.0,1.0,0.0
20187,0.0,0.0,0.0
20189,0.0,0.0,0.0
20191,8.0,8.0,11.0
20193,2.0,2.0,0.0
20195,1.0,1.0,2.0
20197,2.0,2.0,3.0
20199,0.0,0.0,2.0
20201,2.0,2.0,1.0
20203,0.0,0.0,1.0
20205,14.0,14.0,4.0
20207,0.0,0.0,2.0
20209,97.0,97.0,100.0
21001,25.0,25.0,11.0
21003,18.0,18.0,40.0
21005,15.0,15.0,15.0
21007,5.0,5.0,4.0
21009,38.0,38.0,40.0
21011,11.0,11.0,9.0
21013,36.0,36.0,46.0
21015,164.0,164.0,128.0
21017,17.0,17.0,24.0
21019,26.0,26.0,29.0
21021,21.0,21.0,30.0
21023,3.0,3.0,4.0
21025,10.0,10.0,16.0
21027,6.0,6.0,14.0
21029,76.0,76.0,60.0
21031,16.0,16.0,18.0
21033,4.0,4.0,0.0
21035,15.0,15.0,13.0
21037,110.0,110.0,65.0
21039,5.0,5.0,9.0
21041,16.0,16.0,16.0
21043,30.0,30.0,40.0
21045,12.0,12.0,5.0
21047,36.0,36.0,80.0
21049,32.0,32.0,90.0
21051,32.0,32.0,46.0
21053,9.0,9.0,3.0
21055,3.0,3.0,4.0
21057,2.0,2.0,4.0
21059,77.0,77.0,111.0
21061,6.0,6.0,17.0
21063,1.0,1.0,0.0
21065,9.0,9.0,28.0
21067,329.0,329.0,334.0
21069,5.0,5.0,5.0
21071,24.0,24.0,17.0
21073,56.0,56.0,31.0
21075,3.0,3.0,1.0
21077,9.0,9.0,5.0
21079,14.0,14.0,16.0
21081,35.0,35.0,14.0
21083,28.0,28.0,21.0
21085,16.0,16.0,32.0
21087,15.0,15.0,8.0
21089,21.0,21.0,26.0
21091,4.0,4.0,15.0
21093,90.0,90.0,132.0
21095,25.0,25.0,29.0
21097,18.0,18.0,12.0
21099,11.0,11.0,26.0
21101,22.0,22.0,65.0
21103,14.0,14.0,10.0
21105,3.0,3.0,2.0
21107,50.0,50.0,105.0
21109,11.0,11.0,29.0
21111,753.0,753.0,836.0
21113,49.0,49.0,41.0
21115,16.0,16.0,8.0
21117,190.0,190.0,150.0
21119,14.0,14.0,10.0
21121,57.0,57.0,95.0
21123,14.0,14.0,19.0
21125,79.0,79.0,87.0
21127,13.0,13.0,20.0
21129,4.0,4.0,5.0
21131,10.0,10.0,27.0
21133,22.0,22.0,11.0
21135,6.0,6.0,12.0
21137,12.0,12.0,18.0
21139,4.0,4.0,4.0
21141,23.0,23.0,42.0
21143,204.0,204.0,173.0
21151,60.0,60.0,64.0
21153,3.0,3.0,3.0
21155,10.0,10.0,12.0
21157,21.0,21.0,4.0
21159,11.0,11.0,5.0
21161,13.0,13.0,10.0
21145,81.0,81.0,83.0
21147,21.0,21.0,14.0
21149,2.0,2.0,7.0
21163,12.0,12.0,14.0
21165,2.0,2.0,1.0
21167,14.0,14.0,25.0
21169,8.0,8.0,5.0
21171,4.0,4.0,6.0
21173,15.0,15.0,37.0
21175,13.0,13.0,15.0
21177,28.0,28.0,27.0
21179,35.0,35.0,38.0
21181,7.0,7.0,3.0
21183,23.0,23.0,21.0
21185,87.0,87.0,92.0
21187,3.0,3.0,1.0
21189,10.0,10.0,5.0
21191,15.0,15.0,9.0
21193,35.0,35.0,35.0
21195,50.0,50.0,42.0
21197,14.0,14.0,26.0
21199,51.0,51.0,81.0
21201,2.0,2.0,2.0
21203,14.0,14.0,19.0
21205,29.0,29.0,14.0
21207,21.0,21.0,6.0
21209,90.0,90.0,75.0
21211,35.0,35.0,11.0
21213,21.0,21.0,92.0
21215,7.0,7.0,20.0
21217,32.0,32.0,47.0
21219,11.0,11.0,7.0
21221,8.0,8.0,6.0
21223,7.0,7.0,19.0
21225,5.0,5.0,3.0
21227,93.0,93.0,135.0
21229,16.0,16.0,12.0
21231,20.0,20.0,25.0
21233,4.0,4.0,9.0
21235,51.0,51.0,73.0
21237,8.0,8.0,9.0
21239,18.0,18.0,27.0
22001,27.0,27.0,54.0
22003,20.0,20.0,8.0
22005,109.0,109.0,199.0
22007,12.0,12.0,10.0
22009,23.0,23.0,8.0
22011,26.0,26.0,35.0
22013,8.0,8.0,1.0
22015,60.0,60.0,46.0
22017,104.0,104.0,70.0
22019,360.0,360.0,457.0
22021,5.0,5.0,4.0
22023,4.0,4.0,6.0
22025,4.0,4.0,3.0
22027,6.0,6.0,10.0
22029,5.0,5.0,6.0
22031,14.0,14.0,18.0
22033,359.0,359.0,396.0
22035,3.0,3.0,2.0
22037,14.0,14.0,22.0
22039,35.0,35.0,36.0
22041,9.0,9.0,1.0
22043,14.0,14.0,4.0
22045,46.0,46.0,18.0
22047,50.0,50.0,79.0
22049,18.0,18.0,2.0
22051,241.0,241.0,217.0
22053,23.0,23.0,38.0
22055,163.0,163.0,170.0
22057,51.0,51.0,39.0
22059,7.0,7.0,8.0
22061,12.0,12.0,22.0
22063,98.0,98.0,140.0
22065,2.0,2.0,0.0
22067,7.0,7.0,4.0
22069,14.0,14.0,14.0
22071,152.0,152.0,181.0
22073,35.0,35.0,60.0
22075,23.0,23.0,22.0
22077,18.0,18.0,22.0
22079,42.0,42.0,73.0
22081,4.0,4.0,1.0
22083,8.0,8.0,8.0
22085,10.0,10.0,16.0
22087,51.0,51.0,49.0
22089,39.0,39.0,50.0
22091,1.0,1.0,2.0
22093,12.0,12.0,9.0
22095,15.0,15.0,12.0
22097,47.0,47.0,55.0
22099,15.0,15.0,63.0
22101,51.0,51.0,99.0
22103,249.0,249.0,113.0
22105,44.0,44.0,89.0
22107,1.0,1.0,1.0
22109,80.0,80.0,52.0
22111,9.0,9.0,4.0
22113,48.0,48.0,55.0
22115,15.0,15.0,19.0
22117,27.0,27.0,29.0
22119,11.0,11.0,20.0
22121,25.0,25.0,40.0
22123,2.0,2.0,2.0
22125,3.0,3.0,5.0
22127,8.0,8.0,6.0
23001,74.0,74.0,117.0
23003,13.0,13.0,38.0
23005,324.0,324.0,330.0
23007,14.0,14.0,24.0
23009,20.0,20.0,31.0
23011,121.0,121.0,199.0
23013,22.0,22.0,66.0
23015,9.0,9.0,24.0
23017,43.0,43.0,68.0
23019,132.0,132.0,159.0
23021,25.0,25.0,20.0
23023,11.0,11.0,26.0
23025,24.0,24.0,25.0
23027,22.0,22.0,40.0
23029,8.0,8.0,14.0
23031,189.0,189.0,255.0
24001,15.0,15.0,24.0
24003,608.0,608.0,759.0
24510,748.0,748.0,962.0
24005,987.0,987.0,1022.0
24009,52.0,52.0,58.0
24011,11.0,11.0,12.0
24013,161.0,161.0,144.0
24015,54.0,54.0,96.0
24017,168.0,168.0,203.0
24019,18.0,18.0,35.0
24021,231.0,231.0,279.0
24023,14.0,14.0,25.0
24025,301.0,301.0,328.0
24027,394.0,394.0,251.0
24029,12.0,12.0,66.0
24031,744.0,744.0,761.0
24033,926.0,926.0,1016.0
24035,20.0,20.0,37.0
24039,14.0,14.0,22.0
24037,68.0,68.0,51.0
24041,13.0,13.0,12.0
24043,125.0,125.0,208.0
24045,79.0,79.0,52.0
24047,15.0,15.0,12.0
25001,335.0,335.0,531.0
25003,58.0,58.0,155.0
25005,688.0,688.0,1035.0
25007,0.0,0.0,11.0
25009,900.0,900.0,1606.0
25011,35.0,35.0,48.0
25013,710.0,710.0,950.0
25015,184.0,184.0,227.0
25017,1998.0,1998.0,2788.0
25019,0.0,0.0,35.0
25021,829.0,829.0,1206.0
25023,660.0,660.0,1033.0
25025,1159.0,1159.0,1573.0
25027,983.0,983.0,1270.0
26001,2.0,2.0,8.0
26003,1.0,1.0,5.0
26005,144.0,144.0,195.0
26007,9.0,9.0,22.0
26009,24.0,24.0,59.0
26011,6.0,6.0,4.0
26013,4.0,4.0,1.0
26015,52.0,52.0,90.0
26017,103.0,103.0,168.0
26019,12.0,12.0,15.0
26021,184.0,184.0,296.0
26023,34.0,34.0,84.0
26025,253.0,253.0,335.0
26027,95.0,95.0,146.0
26029,14.0,14.0,48.0
26031,36.0,36.0,74.0
26033,15.0,15.0,46.0
26035,7.0,7.0,13.0
26037,109.0,109.0,238.0
26039,8.0,8.0,33.0
26041,25.0,25.0,37.0
26043,6.0,6.0,19.0
26045,105.0,105.0,285.0
26047,18.0,18.0,29.0
26049,669.0,669.0,990.0
26051,8.0,8.0,25.0
26053,7.0,7.0,9.0
26055,102.0,102.0,163.0
26057,19.0,19.0,28.0
26059,33.0,33.0,79.0
26061,16.0,16.0,58.0
26063,97.0,97.0,210.0
26065,319.0,319.0,707.0
26067,41.0,41.0,54.0
26069,7.0,7.0,18.0
26071,1.0,1.0,1.0
26073,47.0,47.0,83.0
26075,172.0,172.0,399.0
26077,287.0,287.0,488.0
26079,32.0,32.0,28.0
26081,617.0,617.0,869.0
26083,1.0,1.0,5.0
26085,6.0,6.0,17.0
26087,146.0,146.0,269.0
26089,16.0,16.0,30.0
26091,84.0,84.0,118.0
26093,210.0,210.0,415.0
26095,5.0,5.0,5.0
26097,4.0,4.0,16.0
26099,1532.0,1532.0,2741.0
26101,14.0,14.0,11.0
26103,33.0,33.0,69.0
26105,11.0,11.0,25.0
26107,22.0,22.0,32.0
26109,12.0,12.0,9.0
26111,107.0,107.0,91.0
26113,32.0,32.0,96.0
26115,295.0,295.0,387.0
26117,45.0,45.0,77.0
26119,3.0,3.0,6.0
26121,73.0,73.0,134.0
26123,70.0,70.0,127.0
26125,1664.0,1664.0,2877.0
26127,14.0,14.0,24.0
26129,8.0,8.0,14.0
26131,5.0,5.0,5.0
26133,34.0,34.0,66.0
26135,3.0,3.0,11.0
26137,50.0,50.0,120.0
26139,286.0,286.0,472.0
26141,3.0,3.0,18.0
26143,34.0,34.0,107.0
26145,194.0,194.0,308.0
26151,77.0,77.0,217.0
26153,3.0,3.0,6.0
26155,73.0,73.0,118.0
26147,402.0,402.0,811.0
26149,91.0,91.0,84.0
26157,81.0,81.0,168.0
26159,82.0,82.0,150.0
26161,249.0,249.0,393.0
26163,2215.0,2215.0,3362.0
26165,58.0,58.0,207.0
27001,5.0,5.0,4.0
27003,453.0,453.0,514.0
27005,33.0,33.0,33.0
27007,26.0,26.0,45.0
27009,93.0,93.0,101.0
27011,4.0,4.0,7.0
27013,131.0,131.0,119.0
27015,41.0,41.0,98.0
27017,16.0,16.0,25.0
27019,265.0,265.0,282.0
27021,26.0,26.0,20.0
27023,13.0,13.0,28.0
27025,48.0,48.0,45.0
27027,63.0,63.0,102.0
27029,4.0,4.0,5.0
27031,1.0,1.0,12.0
27033,23.0,23.0,32.0
27035,44.0,44.0,75.0
27037,567.0,567.0,706.0
27039,23.0,23.0,14.0
27041,29.0,29.0,57.0
27043,23.0,23.0,50.0
27045,22.0,22.0,21.0
27047,52.0,52.0,58.0
27049,55.0,55.0,79.0
27051,3.0,3.0,5.0
27053,1415.0,1415.0,1678.0
27055,5.0,5.0,10.0
27057,4.0,4.0,4.0
27059,41.0,41.0,48.0
27061,40.0,40.0,83.0
27063,6.0,6.0,14.0
27065,19.0,19.0,38.0
27067,48.0,48.0,65.0
27069,5.0,5.0,3.0
27071,2.0,2.0,9.0
27073,6.0,6.0,5.0
27075,3.0,3.0,8.0
27077,2.0,2.0,16.0
27079,34.0,34.0,49.0
27081,3.0,3.0,5.0
27083,17.0,17.0,61.0
27087,3.0,3.0,5.0
27089,6.0,6.0,18.0
27091,17.0,17.0,44.0
27085,57.0,57.0,46.0
27093,17.0,17.0,24.0
27095,40.0,40.0,66.0
27097,89.0,89.0,105.0
27099,70.0,70.0,66.0
27101,7.0,7.0,1.0
27103,61.0,61.0,45.0
27105,12.0,12.0,9.0
27107,6.0,6.0,2.0
27109,122.0,122.0,139.0
27111,58.0,58.0,87.0
27113,29.0,29.0,23.0
27115,22.0,22.0,46.0
27117,2.0,2.0,11.0
27119,17.0,17.0,19.0
27121,21.0,21.0,33.0
27123,382.0,382.0,418.0
27125,3.0,3.0,5.0
27127,9.0,9.0,12.0
27129,18.0,18.0,29.0
27131,82.0,82.0,86.0
27133,7.0,7.0,12.0
27135,6.0,6.0,22.0
27139,260.0,260.0,360.0
27141,155.0,155.0,212.0
27143,12.0,12.0,18.0
27137,196.0,196.0,209.0
27145,210.0,210.0,236.0
27147,76.0,76.0,89.0
27149,9.0,9.0,5.0
27151,8.0,8.0,17.0
27153,16.0,16.0,28.0
27155,4.0,4.0,19.0
27157,13.0,13.0,27.0
27159,10.0,10.0,14.0
27161,18.0,18.0,17.0
27163,203.0,203.0,284.0
27165,6.0,6.0,13.0
27167,6.0,6.0,24.0
27169,34.0,34.0,24.0
27171,157.0,157.0,253.0
27173,5.0,5.0,22.0
28001,14.0,14.0,29.0
28003,9.0,9.0,8.0
28005,14.0,14.0,20.0
28007,20.0,20.0,9.0
28009,6.0,6.0,9.0
28011,18.0,18.0,55.0
28013,15.0,15.0,10.0
28015,5.0,5.0,4.0
28017,5.0,5.0,6.0
28019,12.0,12.0,1.0
28021,6.0,6.0,8.0
28023,13.0,13.0,7.0
28025,5.0,5.0,10.0
28027,25.0,25.0,9.0
28029,23.0,23.0,20.0
28031,14.0,14.0,7.0
28033,172.0,172.0,194.0
28035,73.0,73.0,74.0
28037,8.0,8.0,14.0
28039,9.0,9.0,18.0
28041,5.0,5.0,3.0
28043,14.0,14.0,7.0
28045,47.0,47.0,29.0
28047,170.0,170.0,118.0
28049,243.0,243.0,205.0
28051,8.0,8.0,2.0
28053,3.0,3.0,2.0
28055,0.0,0.0,1.0
28057,8.0,8.0,7.0
28059,104.0,104.0,81.0
28061,20.0,20.0,7.0
28063,5.0,5.0,3.0
28065,4.0,4.0,6.0
28067,76.0,76.0,53.0
28069,10.0,10.0,12.0
28071,48.0,48.0,37.0
28073,41.0,41.0,30.0
28075,49.0,49.0,39.0
28077,11.0,11.0,10.0
28079,21.0,21.0,16.0
28081,38.0,38.0,28.0
28083,19.0,19.0,20.0
28085,53.0,53.0,83.0
28087,55.0,55.0,29.0
28089,112.0,112.0,49.0
28091,22.0,22.0,19.0
28093,31.0,31.0,80.0
28095,25.0,25.0,9.0
28097,7.0,7.0,3.0
28099,39.0,39.0,34.0
28101,23.0,23.0,33.0
28103,3.0,3.0,5.0
28105,34.0,34.0,25.0
28107,40.0,40.0,14.0
28109,51.0,51.0,52.0
28111,7.0,7.0,2.0
28113,32.0,32.0,39.0
28115,12.0,12.0,11.0
28117,14.0,14.0,6.0
28119,5.0,5.0,3.0
28121,190.0,190.0,70.0
28123,26.0,26.0,39.0
28125,1.0,1.0,0.0
28127,21.0,21.0,22.0
28129,13.0,13.0,8.0
28131,10.0,10.0,11.0
28133,18.0,18.0,17.0
28135,8.0,8.0,8.0
28137,38.0,38.0,21.0
28139,10.0,10.0,5.0
28141,5.0,5.0,23.0
28143,10.0,10.0,3.0
28145,13.0,13.0,7.0
28147,10.0,10.0,18.0
28149,25.0,25.0,20.0
28151,8.0,8.0,14.0
28153,27.0,27.0,17.0
28155,8.0,8.0,4.0
28157,1.0,1.0,7.0
28159,4.0,4.0,7.0
28161,15.0,15.0,32.0
28163,33.0,33.0,24.0
29001,19.0,19.0,10.0
29003,19.0,19.0,9.0
29005,5.0,5.0,1.0
29007,36.0,36.0,10.0
29009,38.0,38.0,12.0
29011,14.0,14.0,9.0
29013,14.0,14.0,10.0
29015,8.0,8.0,26.0
29017,4.0,4.0,3.0
29019,71.0,71.0,191.0
29021,62.0,62.0,43.0
29023,49.0,49.0,43.0
29025,6.0,6.0,4.0
29027,14.0,14.0,67.0
29029,31.0,31.0,24.0
29031,50.0,50.0,25.0
29033,10.0,10.0,5.0
29035,10.0,10.0,10.0
29037,143.0,143.0,83.0
29039,20.0,20.0,3.0
29041,10.0,10.0,2.0
29043,75.0,75.0,44.0
29045,14.0,14.0,5.0
29047,72.0,72.0,92.0
29049,21.0,21.0,3.0
29051,85.0,85.0,31.0
29053,6.0,6.0,7.0
29055,27.0,27.0,40.0
29057,3.0,3.0,1.0
29059,32.0,32.0,1.0
29061,6.0,6.0,2.0
29063,11.0,11.0,4.0
29065,6.0,6.0,1.0
29067,10.0,10.0,2.0
29069,11.0,11.0,8.0
29071,127.0,127.0,110.0
29073,32.0,32.0,22.0
29075,3.0,3.0,1.0
29077,158.0,158.0,172.0
29079,6.0,6.0,4.0
29081,4.0,4.0,-6.0
29083,8.0,8.0,10.0
29085,4.0,4.0,0.0
29087,3.0,3.0,3.0
29089,25.0,25.0,1.0
29091,60.0,60.0,20.0
29093,44.0,44.0,1.0
29095,285.0,285.0,620.0
29097,143.0,143.0,90.0
29099,108.0,108.0,159.0
29101,41.0,41.0,22.0
29103,11.0,11.0,0.0
29105,19.0,19.0,13.0
29107,37.0,37.0,25.0
29109,32.0,32.0,22.0
29111,9.0,9.0,2.0
29113,87.0,87.0,33.0
29115,26.0,26.0,2.0
29117,22.0,22.0,3.0
29121,13.0,13.0,21.0
29123,13.0,13.0,5.0
29125,3.0,3.0,5.0
29127,27.0,27.0,13.0
29119,13.0,13.0,19.0
29129,9.0,9.0,5.0
29131,20.0,20.0,3.0
29133,12.0,12.0,20.0
29135,12.0,12.0,8.0
29137,23.0,23.0,3.0
29139,17.0,17.0,10.0
29141,14.0,14.0,5.0
29143,21.0,21.0,10.0
29145,47.0,47.0,34.0
29147,16.0,16.0,34.0
29149,8.0,8.0,2.0
29151,7.0,7.0,9.0
29153,6.0,6.0,0.0
29155,5.0,5.0,2.0
29157,18.0,18.0,11.0
29159,42.0,42.0,33.0
29161,50.0,50.0,41.0
29163,20.0,20.0,8.0
29165,58.0,58.0,41.0
29167,65.0,65.0,43.0
29169,16.0,16.0,11.0
29171,4.0,4.0,0.0
29173,10.0,10.0,1.0
29175,46.0,46.0,15.0
29177,27.0,27.0,20.0
29179,6.0,6.0,1.0
29181,7.0,7.0,5.0
29195,25.0,25.0,3.0
29197,10.0,10.0,7.0
29199,4.0,4.0,1.0
29201,38.0,38.0,23.0
29203,6.0,6.0,6.0
29205,9.0,9.0,2.0
29183,305.0,305.0,254.0
29185,21.0,21.0,25.0
29187,47.0,47.0,47.0
29510,200.0,200.0,269.0
29189,921.0,921.0,963.0
29186,17.0,17.0,17.0
29207,22.0,22.0,7.0
29209,14.0,14.0,32.0
29211,4.0,4.0,3.0
29213,26.0,26.0,32.0
29215,22.0,22.0,2.0
29217,31.0,31.0,17.0
29219,41.0,41.0,11.0
29221,28.0,28.0,5.0
29223,9.0,9.0,6.0
29225,24.0,24.0,15.0
29227,1.0,1.0,0.0
29229,7.0,7.0,12.0
30001,6.0,6.0,11.0
30003,1.0,1.0,10.0
30005,2.0,2.0,4.0
30007,3.0,3.0,7.0
30009,6.0,6.0,3.0
30011,1.0,1.0,0.0
30013,53.0,53.0,423.0
30015,1.0,1.0,1.0
30017,4.0,4.0,6.0
30019,0.0,0.0,0.0
30021,8.0,8.0,13.0
30023,8.0,8.0,2.0
30025,0.0,0.0,0.0
30027,10.0,10.0,6.0
30029,92.0,92.0,65.0
30031,122.0,122.0,168.0
30033,0.0,0.0,0.0
30035,0.0,0.0,0.0
30037,0.0,0.0,0.0
30039,0.0,0.0,0.0
30041,6.0,6.0,4.0
30043,8.0,8.0,7.0
30045,1.0,1.0,0.0
30047,19.0,19.0,13.0
30049,48.0,48.0,36.0
30051,0.0,0.0,0.0
30053,5.0,5.0,15.0
30057,2.0,2.0,7.0
30055,1.0,1.0,3.0
30059,0.0,0.0,0.0
30061,4.0,4.0,4.0
30063,97.0,97.0,132.0
30065,1.0,1.0,5.0
30067,9.0,9.0,6.0
30069,0.0,0.0,0.0
30071,6.0,6.0,3.0
30073,1.0,1.0,0.0
30075,0.0,0.0,3.0
30077,2.0,2.0,2.0
30079,0.0,0.0,1.0
30081,30.0,30.0,66.0
30083,7.0,7.0,4.0
30085,3.0,3.0,4.0
30087,9.0,9.0,2.0
30089,6.0,6.0,1.0
30091,2.0,2.0,9.0
30093,31.0,31.0,53.0
30095,2.0,2.0,7.0
30097,2.0,2.0,7.0
30099,1.0,1.0,3.0
30101,0.0,0.0,0.0
30103,0.0,0.0,0.0
30105,7.0,7.0,13.0
30107,1.0,1.0,0.0
30109,0.0,0.0,1.0
30111,91.0,91.0,111.0
31001,21.0,21.0,11.0
31003,3.0,3.0,5.0
31005,0.0,0.0,0.0
31007,0.0,0.0,0.0
31009,0.0,0.0,0.0
31011,7.0,7.0,22.0
31013,2.0,2.0,4.0
31015,0.0,0.0,0.0
31017,0.0,0.0,1.0
31019,43.0,43.0,30.0
31021,6.0,6.0,5.0
31023,3.0,3.0,2.0
31025,25.0,25.0,35.0
31027,4.0,4.0,9.0
31029,2.0,2.0,1.0
31031,0.0,0.0,4.0
31033,4.0,4.0,2.0
31035,9.0,9.0,5.0
31037,3.0,3.0,3.0
31039,3.0,3.0,13.0
31041,2.0,2.0,3.0
31043,28.0,28.0,26.0
31045,6.0,6.0,7.0
31047,10.0,10.0,12.0
31049,1.0,1.0,1.0
31051,6.0,6.0,11.0
31053,30.0,30.0,24.0
31055,498.0,498.0,501.0
31057,1.0,1.0,1.0
31059,2.0,2.0,0.0
31061,1.0,1.0,0.0
31063,0.0,0.0,0.0
31065,3.0,3.0,0.0
31067,15.0,15.0,11.0
31069,0.0,0.0,0.0
31071,1.0,1.0,0.0
31073,0.0,0.0,0.0
31075,0.0,0.0,1.0
31077,1.0,1.0,1.0
31079,95.0,95.0,82.0
31081,7.0,7.0,3.0
31083,1.0,1.0,2.0
31085,0.0,0.0,0.0
31087,1.0,1.0,1.0
31089,2.0,2.0,0.0
31091,0.0,0.0,1.0
31093,2.0,2.0,0.0
31095,1.0,1.0,0.0
31097,0.0,0.0,5.0
31099,1.0,1.0,3.0
31101,3.0,3.0,6.0
31103,0.0,0.0,2.0
31105,1.0,1.0,2.0
31107,1.0,1.0,10.0
31109,260.0,260.0,346.0
31111,12.0,12.0,18.0
31113,0.0,0.0,1.0
31115,0.0,0.0,0.0
31119,4.0,4.0,0.0
31117,0.0,0.0,0.0
31121,2.0,2.0,1.0
31123,2.0,2.0,1.0
31125,2.0,2.0,4.0
31127,4.0,4.0,13.0
31129,5.0,5.0,1.0
31131,9.0,9.0,13.0
31133,3.0,3.0,6.0
31135,2.0,2.0,3.0
31137,3.0,3.0,3.0
31139,2.0,2.0,0.0
31141,14.0,14.0,13.0
31143,4.0,4.0,13.0
31145,2.0,2.0,2.0
31147,14.0,14.0,21.0
31149,0.0,0.0,0.0
31151,14.0,14.0,13.0
31153,212.0,212.0,267.0
31155,13.0,13.0,10.0
31157,23.0,23.0,41.0
31159,10.0,10.0,17.0
31161,3.0,3.0,1.0
31163,2.0,2.0,1.0
31165,0.0,0.0,0.0
31167,2.0,2.0,1.0
31169,1.0,1.0,0.0
31171,0.0,0.0,0.0
31173,8.0,8.0,2.0
31175,0.0,0.0,0.0
31177,11.0,11.0,11.0
31179,5.0,5.0,12.0
31181,2.0,2.0,3.0
31183,0.0,0.0,2.0
31185,4.0,4.0,29.0
32510,36.0,36.0,0.0
32001,9.0,9.0,15.0
32003,1924.0,1924.0,1837.0
32005,28.0,28.0,42.0
32007,25.0,25.0,28.0
32009,0.0,0.0,0.0
32011,0.0,0.0,0.0
32013,3.0,3.0,7.0
32015,1.0,1.0,1.0
32017,0.0,0.0,6.0
32019,34.0,34.0,29.0
32021,0.0,0.0,2.0
32023,13.0,13.0,19.0
32027,1.0,1.0,0.0
32029,2.0,2.0,1.0
32031,263.0,263.0,294.0
32033,1.0,1.0,9.0
33001,43.0,43.0,49.0
33003,41.0,41.0,62.0
33005,89.0,89.0,112.0
33007,35.0,35.0,38.0
33009,76.0,76.0,107.0
33011,468.0,468.0,707.0
33013,138.0,138.0,200.0
33015,370.0,370.0,655.0
33017,118.0,118.0,239.0
33019,15.0,15.0,31.0
34001,545.0,545.0,344.0
34003,2601.0,2601.0,1196.0
34005,856.0,856.0,336.0
34007,801.0,801.0,351.0
34009,172.0,172.0,75.0
34011,195.0,195.0,58.0
34013,2032.0,2032.0,896.0
34015,504.0,504.0,188.0
34017,1905.0,1905.0,772.0
34019,222.0,222.0,122.0
34021,609.0,609.0,249.0
34023,1896.0,1896.0,953.0
34025,2370.0,2370.0,937.0
34027,1608.0,1608.0,606.0
34029,1782.0,1782.0,818.0
34031,1383.0,1383.0,677.0
34033,74.0,74.0,33.0
34035,843.0,843.0,319.0
34037,446.0,446.0,142.0
34039,1355.0,1355.0,681.0
34041,214.0,214.0,108.0
35001,455.0,455.0,444.0
35003,0.0,0.0,0.0
35005,20.0,20.0,22.0
35006,17.0,17.0,17.0
35007,5.0,5.0,4.0
35009,21.0,21.0,22.0
35011,0.0,0.0,0.0
35013,191.0,191.0,279.0
35015,32.0,32.0,49.0
35017,20.0,20.0,30.0
35019,1.0,1.0,1.0
35021,0.0,0.0,0.0
35023,0.0,0.0,1.0
35025,20.0,20.0,25.0
35027,10.0,10.0,5.0
35028,2.0,2.0,5.0
35029,15.0,15.0,46.0
35031,21.0,21.0,16.0
35033,2.0,2.0,2.0
35035,83.0,83.0,66.0
35037,3.0,3.0,0.0
35039,13.0,13.0,5.0
35041,4.0,4.0,8.0
35045,34.0,34.0,24.0
35047,20.0,20.0,36.0
35043,76.0,76.0,129.0
35049,62.0,62.0,59.0
35051,2.0,2.0,1.0
35053,3.0,3.0,3.0
35055,23.0,23.0,9.0
35057,4.0,4.0,9.0
35059,3.0,3.0,0.0
35061,50.0,50.0,64.0
36001,348.0,348.0,363.0
36003,25.0,25.0,20.0
36005,4050.0,4050.0,4508.0
36007,323.0,323.0,290.0
36009,59.0,59.0,87.0
36011,41.0,41.0,48.0
36013,92.0,92.0,154.0
36015,61.0,61.0,62.0
36017,53.0,53.0,85.0
36019,93.0,93.0,89.0
36021,46.0,46.0,70.0
36023,51.0,51.0,33.0
36025,74.0,74.0,85.0
36027,660.0,660.0,865.0
36029,1295.0,1295.0,1857.0
36031,21.0,21.0,20.0
36033,48.0,48.0,32.0
36035,65.0,65.0,99.0
36037,82.0,82.0,96.0
36039,49.0,49.0,62.0
36041,2.0,2.0,2.0
36043,38.0,38.0,57.0
36045,87.0,87.0,79.0
36047,7052.0,7052.0,8324.0
36049,21.0,21.0,61.0
36051,47.0,47.0,53.0
36053,32.0,32.0,59.0
36055,672.0,672.0,890.0
36057,52.0,52.0,73.0
36059,3642.0,3642.0,4491.0
36061,3626.0,3626.0,4213.0
36063,199.0,199.0,219.0
36065,228.0,228.0,286.0
36067,336.0,336.0,397.0
36069,89.0,89.0,128.0
36071,1078.0,1078.0,1492.0
36073,28.0,28.0,33.0
36075,111.0,111.0,135.0
36077,87.0,87.0,127.0
36079,186.0,186.0,265.0
36081,6676.0,6676.0,8300.0
36083,192.0,192.0,217.0
36085,1727.0,1727.0,1933.0
36087,1110.0,1110.0,1100.0
36091,237.0,237.0,309.0
36093,168.0,168.0,189.0
36095,40.0,40.0,55.0
36097,8.0,8.0,20.0
36099,34.0,34.0,55.0
36089,101.0,101.0,51.0
36101,75.0,75.0,80.0
36103,3604.0,3604.0,4573.0
36105,116.0,116.0,191.0
36107,52.0,52.0,82.0
36109,84.0,84.0,117.0
36111,324.0,324.0,433.0
36113,53.0,53.0,64.0
36115,44.0,44.0,55.0
36117,75.0,75.0,76.0
36119,2372.0,2372.0,2655.0
36121,56.0,56.0,44.0
36123,10.0,10.0,7.0
37001,169.0,169.0,279.0
37003,30.0,30.0,32.0
37005,7.0,7.0,5.0
37007,32.0,32.0,30.0
37009,15.0,15.0,20.0
37011,36.0,36.0,55.0
37013,36.0,36.0,72.0
37015,13.0,13.0,10.0
37017,28.0,28.0,37.0
37019,95.0,95.0,145.0
37021,117.0,117.0,240.0
37023,60.0,60.0,110.0
37025,180.0,180.0,309.0
37027,65.0,65.0,87.0
37029,8.0,8.0,11.0
37031,59.0,59.0,62.0
37033,21.0,21.0,28.0
37035,151.0,151.0,228.0
37037,51.0,51.0,50.0
37039,19.0,19.0,31.0
37041,8.0,8.0,6.0
37043,3.0,3.0,3.0
37045,114.0,114.0,161.0
37047,61.0,61.0,91.0
37049,115.0,115.0,157.0
37051,290.0,290.0,439.0
37053,16.0,16.0,22.0
37055,12.0,12.0,46.0
37057,96.0,96.0,178.0
37059,34.0,34.0,67.0
37061,55.0,55.0,79.0
37063,239.0,239.0,464.0
37065,55.0,55.0,74.0
37067,275.0,275.0,406.0
37069,97.0,97.0,153.0
37071,197.0,197.0,276.0
37073,8.0,8.0,8.0
37075,2.0,2.0,2.0
37077,77.0,77.0,80.0
37079,7.0,7.0,18.0
37081,480.0,480.0,679.0
37083,29.0,29.0,40.0
37085,156.0,156.0,159.0
37087,29.0,29.0,33.0
37089,130.0,130.0,194.0
37091,7.0,7.0,19.0
37093,37.0,37.0,56.0
37095,1.0,1.0,2.0
37097,157.0,157.0,254.0
37099,33.0,33.0,39.0
37101,271.0,271.0,373.0
37103,12.0,12.0,12.0
37105,30.0,30.0,58.0
37107,40.0,40.0,49.0
37109,91.0,91.0,111.0
37113,19.0,19.0,27.0
37115,23.0,23.0,18.0
37117,10.0,10.0,23.0
37111,54.0,54.0,74.0
37119,787.0,787.0,1457.0
37121,10.0,10.0,13.0
37123,25.0,25.0,37.0
37125,87.0,87.0,97.0
37127,104.0,104.0,197.0
37129,242.0,242.0,309.0
37131,23.0,23.0,14.0
37133,172.0,172.0,172.0
37135,40.0,40.0,45.0
37137,13.0,13.0,26.0
37139,21.0,21.0,32.0
37141,73.0,73.0,81.0
37143,11.0,11.0,3.0
37145,41.0,41.0,52.0
37147,104.0,104.0,190.0
37149,6.0,6.0,17.0
37151,204.0,204.0,255.0
37153,29.0,29.0,40.0
37155,102.0,102.0,138.0
37157,35.0,35.0,74.0
37159,129.0,129.0,215.0
37161,42.0,42.0,52.0
37163,86.0,86.0,196.0
37165,20.0,20.0,19.0
37167,84.0,84.0,121.0
37169,15.0,15.0,39.0
37171,43.0,43.0,74.0
37173,3.0,3.0,7.0
37175,27.0,27.0,25.0
37177,1.0,1.0,1.0
37179,274.0,274.0,421.0
37181,52.0,52.0,61.0
37183,1005.0,1005.0,1587.0
37185,21.0,21.0,25.0
37187,5.0,5.0,5.0
37189,62.0,62.0,61.0
37191,56.0,56.0,79.0
37193,58.0,58.0,85.0
37195,98.0,98.0,159.0
37197,28.0,28.0,60.0
37199,11.0,11.0,19.0
38001,0.0,0.0,1.0
38003,7.0,7.0,8.0
38005,2.0,2.0,1.0
38007,0.0,0.0,0.0
38009,4.0,4.0,2.0
38011,2.0,2.0,1.0
38013,1.0,1.0,1.0
38015,39.0,39.0,40.0
38017,173.0,173.0,226.0
38019,1.0,1.0,2.0
38021,1.0,1.0,6.0
38023,3.0,3.0,0.0
38025,1.0,1.0,1.0
38027,1.0,1.0,2.0
38029,1.0,1.0,0.0
38031,2.0,2.0,1.0
38033,1.0,1.0,0.0
38035,34.0,34.0,44.0
38037,0.0,0.0,1.0
38039,0.0,0.0,0.0
38041,1.0,1.0,2.0
38043,0.0,0.0,1.0
38045,1.0,1.0,4.0
38047,1.0,1.0,0.0
38049,2.0,2.0,2.0
38051,1.0,1.0,0.0
38053,7.0,7.0,6.0
38055,6.0,6.0,5.0
38057,4.0,4.0,4.0
38059,13.0,13.0,14.0
38061,3.0,3.0,4.0
38063,1.0,1.0,2.0
38065,1.0,1.0,0.0
38067,3.0,3.0,9.0
38069,4.0,4.0,0.0
38071,7.0,7.0,17.0
38073,2.0,2.0,6.0
38075,1.0,1.0,3.0
38077,32.0,32.0,23.0
38079,2.0,2.0,4.0
38081,1.0,1.0,5.0
38083,0.0,0.0,1.0
38085,0.0,0.0,0.0
38087,0.0,0.0,0.0
38089,36.0,36.0,30.0
38091,1.0,1.0,0.0
38093,12.0,12.0,8.0
38095,1.0,1.0,0.0
38097,6.0,6.0,3.0
38099,9.0,9.0,8.0
38101,46.0,46.0,45.0
38103,2.0,2.0,1.0
38105,26.0,26.0,28.0
39001,13.0,13.0,21.0
39003,42.0,42.0,63.0
39005,48.0,48.0,53.0
39007,38.0,38.0,69.0
39009,35.0,35.0,53.0
39011,11.0,11.0,36.0
39013,80.0,80.0,89.0
39015,28.0,28.0,20.0
39017,334.0,334.0,392.0
39019,11.0,11.0,14.0
39021,46.0,46.0,50.0
39023,123.0,123.0,203.0
39025,161.0,161.0,191.0
39027,39.0,39.0,34.0
39029,65.0,65.0,55.0
39031,47.0,47.0,38.0
39033,43.0,43.0,48.0
39035,1070.0,1070.0,1365.0
39037,22.0,22.0,38.0
39039,26.0,26.0,45.0
39041,183.0,183.0,216.0
39043,70.0,70.0,73.0
39045,121.0,121.0,171.0
39047,14.0,14.0,20.0
39049,1043.0,1043.0,1333.0
39051,30.0,30.0,39.0
39053,14.0,14.0,16.0
39055,64.0,64.0,51.0
39057,74.0,74.0,154.0
39059,24.0,24.0,49.0
39061,624.0,624.0,823.0
39063,46.0,46.0,82.0
39065,25.0,25.0,42.0
39067,7.0,7.0,9.0
39069,19.0,19.0,26.0
39071,28.0,28.0,49.0
39073,21.0,21.0,30.0
39075,18.0,18.0,22.0
39077,59.0,59.0,69.0
39079,17.0,17.0,23.0
39081,36.0,36.0,50.0
39083,33.0,33.0,36.0
39085,191.0,191.0,196.0
39087,39.0,39.0,34.0
39089,148.0,148.0,179.0
39091,29.0,29.0,40.0
39093,211.0,211.0,228.0
39095,429.0,429.0,562.0
39097,33.0,33.0,46.0
39099,133.0,133.0,187.0
39101,42.0,42.0,67.0
39103,199.0,199.0,241.0
39105,4.0,4.0,9.0
39107,9.0,9.0,27.0
39109,44.0,44.0,108.0
39111,12.0,12.0,31.0
39113,266.0,266.0,397.0
39115,8.0,8.0,7.0
39117,19.0,19.0,31.0
39119,73.0,73.0,76.0
39121,3.0,3.0,10.0
39123,26.0,26.0,38.0
39125,13.0,13.0,16.0
39127,29.0,29.0,29.0
39129,53.0,53.0,63.0
39131,20.0,20.0,21.0
39133,133.0,133.0,182.0
39135,17.0,17.0,31.0
39137,12.0,12.0,29.0
39139,97.0,97.0,92.0
39141,40.0,40.0,72.0
39143,33.0,33.0,54.0
39145,65.0,65.0,67.0
39147,57.0,57.0,67.0
39149,11.0,11.0,29.0
39151,242.0,242.0,323.0
39153,507.0,507.0,690.0
39155,136.0,136.0,179.0
39157,59.0,59.0,68.0
39159,53.0,53.0,77.0
39161,12.0,12.0,13.0
39163,4.0,4.0,5.0
39165,201.0,201.0,249.0
39167,69.0,69.0,59.0
39169,95.0,95.0,95.0
39171,14.0,14.0,29.0
39173,153.0,153.0,142.0
39175,23.0,23.0,30.0
40001,10.0,10.0,2.0
40003,1.0,1.0,0.0
40005,21.0,21.0,11.0
40007,3.0,3.0,0.0
40009,11.0,11.0,7.0
40011,6.0,6.0,2.0
40013,45.0,45.0,4.0
40015,24.0,24.0,8.0
40017,137.0,137.0,19.0
40019,37.0,37.0,30.0
40021,35.0,35.0,5.0
40023,8.0,8.0,6.0
40025,2.0,2.0,0.0
40027,232.0,232.0,55.0
40029,2.0,2.0,0.0
40031,169.0,169.0,80.0
40033,1.0,1.0,0.0
40035,12.0,12.0,5.0
40037,32.0,32.0,6.0
40039,9.0,9.0,4.0
40041,40.0,40.0,11.0
40043,1.0,1.0,0.0
40045,1.0,1.0,0.0
40047,31.0,31.0,2.0
40049,17.0,17.0,8.0
40051,37.0,37.0,12.0
40053,4.0,4.0,1.0
40055,10.0,10.0,14.0
40057,1.0,1.0,4.0
40059,2.0,2.0,0.0
40061,7.0,7.0,0.0
40063,8.0,8.0,5.0
40065,16.0,16.0,5.0
40067,1.0,1.0,2.0
40069,6.0,6.0,0.0
40071,15.0,15.0,8.0
40073,5.0,5.0,0.0
40075,3.0,3.0,0.0
40077,9.0,9.0,1.0
40079,37.0,37.0,3.0
40081,27.0,27.0,5.0
40083,36.0,36.0,9.0
40085,4.0,4.0,5.0
40093,4.0,4.0,2.0
40095,11.0,11.0,10.0
40097,42.0,42.0,5.0
40087,28.0,28.0,10.0
40089,17.0,17.0,9.0
40091,8.0,8.0,2.0
40099,8.0,8.0,6.0
40101,29.0,29.0,5.0
40103,5.0,5.0,0.0
40105,7.0,7.0,0.0
40107,5.0,5.0,2.0
40109,784.0,784.0,163.0
40111,11.0,11.0,6.0
40113,18.0,18.0,7.0
40115,31.0,31.0,9.0
40117,14.0,14.0,1.0
40119,53.0,53.0,13.0
40121,48.0,48.0,17.0
40123,21.0,21.0,9.0
40125,63.0,63.0,11.0
40127,3.0,3.0,1.0
40129,1.0,1.0,0.0
40131,82.0,82.0,21.0
40133,10.0,10.0,2.0
40135,29.0,29.0,9.0
40137,19.0,19.0,6.0
40139,11.0,11.0,2.0
40141,4.0,4.0,2.0
40143,356.0,356.0,103.0
40145,32.0,32.0,9.0
40147,51.0,51.0,11.0
40149,4.0,4.0,0.0
40151,3.0,3.0,0.0
40153,12.0,12.0,4.0
41001,12.0,12.0,10.0
41003,48.0,48.0,46.0
41005,178.0,178.0,182.0
41007,7.0,7.0,17.0
41009,16.0,16.0,7.0
41011,81.0,81.0,95.0
41013,5.0,5.0,8.0
41015,19.0,19.0,39.0
41017,71.0,71.0,64.0
41019,74.0,74.0,71.0
41021,0.0,0.0,0.0
41023,11.0,11.0,19.0
41025,1.0,1.0,5.0
41027,3.0,3.0,0.0
41029,158.0,158.0,179.0
41031,13.0,13.0,10.0
41033,80.0,80.0,122.0
41035,31.0,31.0,49.0
41037,4.0,4.0,3.0
41039,78.0,78.0,80.0
41041,11.0,11.0,24.0
41043,41.0,41.0,48.0
41045,10.0,10.0,10.0
41047,176.0,176.0,193.0
41049,2.0,2.0,2.0
41051,265.0,265.0,296.0
41053,25.0,25.0,29.0
41055,0.0,0.0,0.0
41057,14.0,14.0,14.0
41059,33.0,33.0,61.0
41061,14.0,14.0,11.0
41063,1.0,1.0,1.0
41065,7.0,7.0,7.0
41067,236.0,236.0,227.0
41069,0.0,0.0,3.0
41071,33.0,33.0,26.0
42001,139.0,139.0,138.0
42003,1377.0,1377.0,1876.0
42005,41.0,41.0,66.0
42007,151.0,151.0,153.0
42009,34.0,34.0,34.0
42011,649.0,649.0,1023.0
42013,92.0,92.0,97.0
42015,51.0,51.0,98.0
42017,912.0,912.0,1298.0
42019,242.0,242.0,279.0
42021,110.0,110.0,100.0
42023,2.0,2.0,1.0
42025,63.0,63.0,117.0
42027,185.0,185.0,483.0
42029,522.0,522.0,766.0
42031,27.0,27.0,25.0
42033,134.0,134.0,199.0
42035,48.0,48.0,65.0
42037,63.0,63.0,70.0
42039,72.0,72.0,64.0
42041,263.0,263.0,324.0
42043,326.0,326.0,368.0
42045,606.0,606.0,756.0
42047,13.0,13.0,41.0
42049,291.0,291.0,231.0
42051,123.0,123.0,181.0
42053,4.0,4.0,0.0
42055,167.0,167.0,229.0
42057,12.0,12.0,9.0
42059,28.0,28.0,37.0
42061,69.0,69.0,48.0
42063,48.0,48.0,59.0
42065,23.0,23.0,45.0
42067,17.0,17.0,14.0
42069,250.0,250.0,345.0
42071,739.0,739.0,878.0
42073,107.0,107.0,105.0
42075,173.0,173.0,201.0
42077,512.0,512.0,737.0
42079,387.0,387.0,478.0
42081,144.0,144.0,191.0
42083,27.0,27.0,19.0
42085,82.0,82.0,74.0
42087,34.0,34.0,31.0
42089,325.0,325.0,431.0
42091,1017.0,1017.0,1322.0
42093,5.0,5.0,11.0
42095,531.0,531.0,821.0
42097,105.0,105.0,148.0
42099,50.0,50.0,89.0
42101,1757.0,1757.0,2586.0
42103,76.0,76.0,154.0
42105,7.0,7.0,9.0
42107,121.0,121.0,151.0
42109,56.0,56.0,48.0
42111,57.0,57.0,59.0
42113,6.0,6.0,18.0
42115,32.0,32.0,71.0
42117,24.0,24.0,33.0
42119,30.0,30.0,42.0
42121,49.0,49.0,37.0
42123,26.0,26.0,15.0
42125,227.0,227.0,271.0
42127,50.0,50.0,84.0
42129,350.0,350.0,524.0
42131,17.0,17.0,68.0
42133,631.0,631.0,852.0
44001,63.0,63.0,84.0
44003,237.0,237.0,287.0
44005,101.0,101.0,124.0
44007,1215.0,1215.0,1559.0
44009,233.0,233.0,433.0
45001,32.0,32.0,32.0
45003,122.0,122.0,171.0
45005,7.0,7.0,4.0
45007,254.0,254.0,279.0
45009,8.0,8.0,9.0
45011,14.0,14.0,17.0
45013,169.0,169.0,158.0
45015,211.0,211.0,312.0
45017,16.0,16.0,13.0
45019,435.0,435.0,672.0
45021,63.0,63.0,89.0
45023,43.0,43.0,80.0
45025,52.0,52.0,84.0
45027,43.0,43.0,78.0
45029,28.0,28.0,45.0
45031,82.0,82.0,77.0
45033,52.0,52.0,63.0
45035,197.0,197.0,266.0
45037,26.0,26.0,51.0
45039,22.0,22.0,58.0
45041,134.0,134.0,116.0
45043,55.0,55.0,50.0
45045,878.0,878.0,1204.0
45047,82.0,82.0,139.0
45049,25.0,25.0,42.0
45051,482.0,482.0,531.0
45053,19.0,19.0,21.0
45055,59.0,59.0,88.0
45057,103.0,103.0,108.0
45059,65.0,65.0,91.0
45061,16.0,16.0,9.0
45063,285.0,285.0,370.0
45067,19.0,19.0,45.0
45069,28.0,28.0,41.0
45065,13.0,13.0,20.0
45071,50.0,50.0,92.0
45073,94.0,94.0,82.0
45075,98.0,98.0,141.0
45077,182.0,182.0,233.0
45079,475.0,475.0,594.0
45081,10.0,10.0,21.0
45083,500.0,500.0,585.0
45085,133.0,133.0,134.0
45087,41.0,41.0,38.0
45089,27.0,27.0,28.0
45091,339.0,339.0,460.0
46003,1.0,1.0,0.0
46005,34.0,34.0,18.0
46007,1.0,1.0,3.0
46009,3.0,3.0,1.0
46011,31.0,31.0,49.0
46013,28.0,28.0,41.0
46015,3.0,3.0,3.0
46017,1.0,1.0,1.0
46019,4.0,4.0,14.0
46021,0.0,0.0,0.0
46023,7.0,7.0,11.0
46025,3.0,3.0,12.0
46027,12.0,12.0,15.0
46029,38.0,38.0,61.0
46031,2.0,2.0,0.0
46033,6.0,6.0,6.0
46035,21.0,21.0,27.0
46037,5.0,5.0,5.0
46039,3.0,3.0,9.0
46041,8.0,8.0,9.0
46043,2.0,2.0,2.0
46045,2.0,2.0,1.0
46047,5.0,5.0,5.0
46049,1.0,1.0,1.0
46051,4.0,4.0,7.0
46053,4.0,4.0,11.0
46055,2.0,2.0,3.0
46057,5.0,5.0,7.0
46059,4.0,4.0,6.0
46061,2.0,2.0,5.0
46063,0.0,0.0,0.0
46065,11.0,11.0,12.0
46067,4.0,4.0,4.0
46069,0.0,0.0,0.0
46071,1.0,1.0,3.0
46073,1.0,1.0,0.0
46075,0.0,0.0,2.0
46077,5.0,5.0,11.0
46079,17.0,17.0,17.0
46081,5.0,5.0,36.0
46083,68.0,68.0,89.0
46085,3.0,3.0,2.0
46091,8.0,8.0,15.0
46087,11.0,11.0,11.0
46089,1.0,1.0,0.0
46093,20.0,20.0,30.0
46095,1.0,1.0,0.0
46097,2.0,2.0,8.0
46099,260.0,260.0,339.0
46101,1.0,1.0,1.0
46102,5.0,5.0,6.0
46103,74.0,74.0,97.0
46105,0.0,0.0,1.0
46107,6.0,6.0,2.0
46109,25.0,25.0,30.0
46111,1.0,1.0,0.0
46115,6.0,6.0,10.0
46117,2.0,2.0,2.0
46119,0.0,0.0,0.0
46121,1.0,1.0,1.0
46123,6.0,6.0,5.0
46125,10.0,10.0,24.0
46127,17.0,17.0,43.0
46129,2.0,2.0,9.0
46135,17.0,17.0,27.0
46137,1.0,1.0,0.0
47001,93.0,93.0,138.0
47003,57.0,57.0,121.0
47005,5.0,5.0,15.0
47007,10.0,10.0,21.0
47009,133.0,133.0,164.0
47011,166.0,166.0,337.0
47013,49.0,49.0,60.0
47015,11.0,11.0,23.0
47017,7.0,7.0,15.0
47019,34.0,34.0,50.0
47021,43.0,43.0,110.0
47023,13.0,13.0,13.0
47025,41.0,41.0,33.0
47027,2.0,2.0,1.0
47029,62.0,62.0,116.0
47031,65.0,65.0,91.0
47033,2.0,2.0,0.0
47035,42.0,42.0,52.0
47037,752.0,752.0,1061.0
47039,2.0,2.0,10.0
47041,14.0,14.0,14.0
47043,57.0,57.0,52.0
47045,17.0,17.0,22.0
47047,26.0,26.0,37.0
47049,11.0,11.0,16.0
47051,42.0,42.0,71.0
47053,10.0,10.0,31.0
47055,19.0,19.0,27.0
47057,15.0,15.0,20.0
47059,36.0,36.0,46.0
47061,10.0,10.0,12.0
47063,57.0,57.0,97.0
47065,369.0,369.0,511.0
47067,6.0,6.0,6.0
47069,11.0,11.0,7.0
47071,10.0,10.0,25.0
47073,48.0,48.0,64.0
47075,6.0,6.0,5.0
47077,5.0,5.0,14.0
47079,17.0,17.0,18.0
47081,23.0,23.0,22.0
47083,7.0,7.0,2.0
47085,17.0,17.0,12.0
47087,3.0,3.0,10.0
47089,63.0,63.0,63.0
47091,8.0,8.0,11.0
47093,431.0,431.0,491.0
47095,1.0,1.0,3.0
47097,4.0,4.0,1.0
47099,15.0,15.0,23.0
47101,5.0,5.0,9.0
47103,21.0,21.0,15.0
47105,52.0,52.0,39.0
47111,12.0,12.0,26.0
47113,41.0,41.0,89.0
47115,24.0,24.0,29.0
47117,20.0,20.0,29.0
47119,85.0,85.0,128.0
47107,46.0,46.0,73.0
47109,9.0,9.0,12.0
47121,7.0,7.0,8.0
47123,48.0,48.0,59.0
47125,139.0,139.0,256.0
47127,3.0,3.0,9.0
47129,20.0,20.0,12.0
47131,6.0,6.0,20.0
47133,19.0,19.0,15.0
47135,7.0,7.0,4.0
47137,1.0,1.0,3.0
47139,23.0,23.0,46.0
47141,80.0,80.0,93.0
47143,24.0,24.0,23.0
47145,43.0,43.0,42.0
47147,59.0,59.0,105.0
47149,434.0,434.0,636.0
47151,12.0,12.0,27.0
47153,14.0,14.0,15.0
47155,147.0,147.0,221.0
47157,599.0,599.0,723.0
47159,18.0,18.0,34.0
47161,9.0,9.0,12.0
47163,176.0,176.0,221.0
47165,179.0,179.0,288.0
47167,39.0,39.0,49.0
47169,11.0,11.0,15.0
47171,8.0,8.0,20.0
47173,19.0,19.0,27.0
47175,4.0,4.0,6.0
47177,19.0,19.0,31.0
47179,88.0,88.0,157.0
47181,8.0,8.0,22.0
47183,15.0,15.0,31.0
47185,22.0,22.0,22.0
47187,197.0,197.0,323.0
47189,207.0,207.0,292.0
48001,12.0,12.0,4.0
48003,10.0,10.0,0.0
48005,39.0,39.0,15.0
48007,10.0,10.0,11.0
48009,6.0,6.0,2.0
48011,1.0,1.0,0.0
48013,33.0,33.0,42.0
48015,44.0,44.0,29.0
48017,7.0,7.0,0.0
48019,10.0,10.0,14.0
48021,86.0,86.0,88.0
48023,1.0,1.0,1.0
48025,11.0,11.0,0.0
48027,225.0,225.0,208.0
48029,1612.0,1612.0,2019.0
48031,6.0,6.0,5.0
48033,0.0,0.0,8.0
48035,11.0,11.0,8.0
48037,47.0,47.0,51.0
48039,562.0,562.0,470.0
48041,425.0,425.0,509.0
48043,3.0,3.0,2.0
48045,1.0,1.0,0.0
48047,6.0,6.0,0.0
48049,25.0,25.0,20.0
48051,27.0,27.0,19.0
48053,67.0,67.0,72.0
48055,29.0,29.0,50.0
48057,25.0,25.0,20.0
48059,6.0,6.0,3.0
48061,271.0,271.0,243.0
48063,3.0,3.0,5.0
48065,5.0,5.0,3.0
48067,5.0,5.0,13.0
48069,3.0,3.0,3.0
48071,66.0,66.0,108.0
48073,13.0,13.0,22.0
48075,2.0,2.0,0.0
48077,5.0,5.0,2.0
48079,3.0,3.0,1.0
48081,1.0,1.0,0.0
48083,6.0,6.0,1.0
48085,801.0,801.0,625.0
48087,0.0,0.0,9.0
48089,15.0,15.0,16.0
48091,118.0,118.0,109.0
48093,16.0,16.0,3.0
48095,7.0,7.0,24.0
48097,36.0,36.0,21.0
48099,46.0,46.0,7.0
48101,1.0,1.0,1.0
48103,3.0,3.0,0.0
48105,3.0,3.0,0.0
48107,3.0,3.0,2.0
48109,1.0,1.0,4.0
48111,9.0,9.0,2.0
48113,2058.0,2058.0,1905.0
48115,4.0,4.0,0.0
48117,16.0,16.0,5.0
48119,2.0,2.0,4.0
48121,1893.0,1893.0,1252.0
48123,13.0,13.0,7.0
48125,1.0,1.0,0.0
48127,16.0,16.0,48.0
48129,2.0,2.0,0.0
48131,9.0,9.0,11.0
48133,10.0,10.0,7.0
48135,66.0,66.0,66.0
48137,1.0,1.0,0.0
48141,1156.0,1156.0,1183.0
48139,161.0,161.0,109.0
48143,25.0,25.0,15.0
48145,11.0,11.0,8.0
48147,62.0,62.0,7.0
48149,38.0,38.0,68.0
48151,0.0,0.0,0.0
48153,2.0,2.0,5.0
48155,0.0,0.0,0.0
48157,1335.0,1335.0,1125.0
48159,4.0,4.0,0.0
48161,9.0,9.0,0.0
48163,18.0,18.0,15.0
48165,2.0,2.0,0.0
48167,557.0,557.0,523.0
48169,3.0,3.0,0.0
48171,14.0,14.0,10.0
48173,0.0,0.0,0.0
48175,4.0,4.0,0.0
48177,15.0,15.0,21.0
48179,14.0,14.0,3.0
48181,44.0,44.0,38.0
48183,47.0,47.0,53.0
48185,24.0,24.0,16.0
48187,108.0,108.0,117.0
48189,7.0,7.0,8.0
48191,2.0,2.0,0.0
48193,6.0,6.0,0.0
48195,4.0,4.0,1.0
48197,1.0,1.0,0.0
48199,42.0,42.0,255.0
48201,5222.0,5222.0,5034.0
48203,22.0,22.0,26.0
48205,7.0,7.0,1.0
48207,2.0,2.0,2.0
48209,157.0,157.0,231.0
48211,1.0,1.0,0.0
48213,43.0,43.0,38.0
48215,1279.0,1279.0,2900.0
48217,18.0,18.0,17.0
48219,13.0,13.0,9.0
48221,37.0,37.0,40.0
48223,17.0,17.0,17.0
48225,9.0,9.0,11.0
48227,11.0,11.0,33.0
48229,3.0,3.0,0.0
48231,5.0,5.0,243.0
48233,13.0,13.0,1.0
48235,1.0,1.0,4.0
48237,2.0,2.0,0.0
48239,10.0,10.0,6.0
48241,16.0,16.0,18.0
48243,1.0,1.0,0.0
48245,183.0,183.0,226.0
48247,1.0,1.0,0.0
48249,38.0,38.0,31.0
48251,142.0,142.0,158.0
48253,9.0,9.0,0.0
48255,12.0,12.0,0.0
48257,170.0,170.0,135.0
48259,22.0,22.0,46.0
48261,0.0,0.0,0.0
48263,1.0,1.0,5.0
48265,29.0,29.0,24.0
48267,1.0,1.0,0.0
48269,0.0,0.0,0.0
48271,1.0,1.0,0.0
48273,20.0,20.0,30.0
48275,0.0,0.0,0.0
48283,11.0,11.0,3.0
48277,44.0,44.0,23.0
48279,6.0,6.0,5.0
48281,15.0,15.0,8.0
48285,14.0,14.0,21.0
48287,22.0,22.0,16.0
48289,14.0,14.0,13.0
48291,84.0,84.0,62.0
48293,10.0,10.0,4.0
48295,2.0,2.0,1.0
48297,7.0,7.0,0.0
48299,17.0,17.0,22.0
48301,0.0,0.0,0.0
48303,66.0,66.0,86.0
48305,1.0,1.0,0.0
48313,15.0,15.0,10.0
48315,0.0,0.0,1.0
48317,3.0,3.0,0.0
48319,2.0,2.0,2.0
48321,38.0,38.0,60.0
48323,34.0,34.0,36.0
48307,5.0,5.0,6.0
48309,174.0,174.0,226.0
48311,0.0,0.0,0.0
48325,44.0,44.0,28.0
48327,1.0,1.0,0.0
48329,77.0,77.0,130.0
48331,28.0,28.0,0.0
48333,4.0,4.0,4.0
48335,2.0,2.0,3.0
48337,13.0,13.0,10.0
48339,686.0,686.0,893.0
48341,7.0,7.0,0.0
48343,2.0,2.0,6.0
48345,0.0,0.0,1.0
48347,59.0,59.0,70.0
48349,17.0,17.0,12.0
48351,2.0,2.0,1.0
48353,5.0,5.0,7.0
48355,334.0,334.0,263.0
48357,5.0,5.0,3.0
48359,2.0,2.0,0.0
48361,52.0,52.0,329.0
48363,21.0,21.0,20.0
48365,21.0,21.0,8.0
48367,120.0,120.0,87.0
48369,5.0,5.0,3.0
48371,7.0,7.0,19.0
48373,21.0,21.0,16.0
48375,70.0,70.0,38.0
48377,6.0,6.0,3.0
48379,7.0,7.0,7.0
48381,56.0,56.0,53.0
48383,2.0,2.0,6.0
48385,1.0,1.0,0.0
48387,7.0,7.0,5.0
48389,2.0,2.0,0.0
48391,4.0,4.0,4.0
48393,0.0,0.0,4.0
48395,9.0,9.0,11.0
48397,108.0,108.0,100.0
48399,4.0,4.0,1.0
48401,27.0,27.0,27.0
48403,3.0,3.0,5.0
48405,4.0,4.0,3.0
48407,26.0,26.0,42.0
48409,33.0,33.0,38.0
48411,4.0,4.0,0.0
48413,1.0,1.0,0.0
48415,9.0,9.0,0.0
48417,2.0,2.0,3.0
48419,18.0,18.0,15.0
48421,3.0,3.0,0.0
48423,136.0,136.0,169.0
48425,3.0,3.0,1.0
48427,90.0,90.0,59.0
48429,5.0,5.0,5.0
48431,1.0,1.0,0.0
48433,1.0,1.0,0.0
48435,2.0,2.0,2.0
48437,5.0,5.0,4.0
48439,1954.0,1954.0,1773.0
48441,63.0,63.0,56.0
48443,0.0,0.0,0.0
48445,2.0,2.0,0.0
48447,0.0,0.0,0.0
48449,12.0,12.0,11.0
48451,45.0,45.0,55.0
48453,718.0,718.0,682.0
48455,4.0,4.0,21.0
48457,7.0,7.0,27.0
48459,13.0,13.0,7.0
48461,2.0,2.0,1.0
48463,11.0,11.0,8.0
48465,27.0,27.0,27.0
48467,27.0,27.0,29.0
48469,53.0,53.0,48.0
48471,9.0,9.0,0.0
48473,75.0,75.0,97.0
48475,9.0,9.0,8.0
48477,34.0,34.0,34.0
48479,129.0,129.0,90.0
48481,25.0,25.0,39.0
48483,2.0,2.0,1.0
48485,57.0,57.0,37.0
48487,4.0,4.0,4.0
48489,21.0,21.0,20.0
48491,476.0,476.0,447.0
48493,38.0,38.0,28.0
48495,8.0,8.0,8.0
48497,43.0,43.0,32.0
48499,17.0,17.0,24.0
48501,1.0,1.0,0.0
48503,6.0,6.0,3.0
48505,9.0,9.0,2.0
48507,11.0,11.0,3.0
49001,0.0,0.0,0.0
49003,0.0,0.0,57.0
49005,0.0,0.0,161.0
49007,0.0,0.0,29.0
49009,0.0,0.0,0.0
49011,335.0,335.0,341.0
49013,0.0,0.0,0.0
49015,0.0,0.0,35.0
49017,0.0,0.0,0.0
49019,0.0,0.0,24.0
49021,0.0,0.0,0.0
49023,0.0,0.0,12.0
49025,0.0,0.0,0.0
49027,0.0,0.0,13.0
49029,0.0,0.0,7.0
49031,0.0,0.0,2.0
49033,0.0,0.0,2.0
49035,984.0,984.0,1141.0
49037,3.0,3.0,1.0
49039,0.0,0.0,51.0
49041,0.0,0.0,31.0
49043,40.0,40.0,84.0
49045,49.0,49.0,100.0
49047,0.0,0.0,0.0
49049,562.0,562.0,705.0
49051,26.0,26.0,31.0
49053,0.0,0.0,0.0
49055,0.0,0.0,3.0
49057,0.0,0.0,233.0
50001,41.0,41.0,43.0
50003,46.0,46.0,72.0
50005,28.0,28.0,55.0
50007,203.0,203.0,241.0
50009,6.0,6.0,19.0
50011,94.0,94.0,112.0
50013,8.0,8.0,16.0
50015,43.0,43.0,46.0
50017,8.0,8.0,7.0
50019,53.0,53.0,93.0
50021,50.0,50.0,59.0
50023,41.0,41.0,26.0
50025,29.0,29.0,36.0
50027,22.0,22.0,32.0
51001,21.0,21.0,31.0
51003,76.0,76.0,86.0
51510,118.0,118.0,151.0
51005,2.0,2.0,4.0
51007,10.0,10.0,14.0
51009,17.0,17.0,25.0
51011,17.0,17.0,12.0
51013,204.0,204.0,208.0
51015,33.0,33.0,37.0
51017,1.0,1.0,0.0
51019,56.0,56.0,51.0
51021,4.0,4.0,2.0
51023,38.0,38.0,43.0
51520,5.0,5.0,9.0
51025,12.0,12.0,12.0
51027,16.0,16.0,7.0
51029,3.0,3.0,4.0
51530,5.0,5.0,5.0
51031,53.0,53.0,42.0
51033,18.0,18.0,19.0
51035,28.0,28.0,16.0
51036,6.0,6.0,7.0
51037,13.0,13.0,16.0
51540,40.0,40.0,41.0
51550,242.0,242.0,267.0
51041,393.0,393.0,408.0
51043,24.0,24.0,40.0
51570,25.0,25.0,34.0
51580,2.0,2.0,0.0
51045,2.0,2.0,6.0
51047,35.0,35.0,42.0
51049,8.0,8.0,6.0
51590,32.0,32.0,0.0
51051,2.0,2.0,8.0
51053,26.0,26.0,46.0
51595,5.0,5.0,12.0
51057,8.0,8.0,17.0
51600,6.0,6.0,5.0
51059,904.0,904.0,1023.0
51610,7.0,7.0,6.0
51061,60.0,60.0,78.0
51063,10.0,10.0,10.0
51065,17.0,17.0,118.0
51620,7.0,7.0,3.0
51067,18.0,18.0,20.0
51069,89.0,89.0,92.0
51630,16.0,16.0,16.0
51640,6.0,6.0,4.0
51071,11.0,11.0,26.0
51073,38.0,38.0,33.0
51075,19.0,19.0,13.0
51077,17.0,17.0,10.0
51079,18.0,18.0,27.0
51081,12.0,12.0,7.0
51083,45.0,45.0,53.0
51650,135.0,135.0,207.0
51085,105.0,105.0,101.0
51660,102.0,102.0,102.0
51087,328.0,328.0,321.0
51089,27.0,27.0,29.0
51091,1.0,1.0,0.0
51670,41.0,41.0,48.0
51093,40.0,40.0,54.0
51095,70.0,70.0,87.0
51097,7.0,7.0,5.0
51099,21.0,21.0,24.0
51101,35.0,35.0,32.0
51103,4.0,4.0,3.0
51105,17.0,17.0,19.0
51678,8.0,8.0,9.0
51107,430.0,430.0,586.0
51109,13.0,13.0,27.0
51111,11.0,11.0,21.0
51680,27.0,27.0,47.0
51113,7.0,7.0,4.0
51683,19.0,19.0,42.0
51685,4.0,4.0,12.0
51690,6.0,6.0,6.0
51115,5.0,5.0,4.0
51117,29.0,29.0,31.0
51119,7.0,7.0,6.0
51121,189.0,189.0,237.0
51125,18.0,18.0,6.0
51127,19.0,19.0,27.0
51700,192.0,192.0,250.0
51710,205.0,205.0,232.0
51131,4.0,4.0,2.0
51133,7.0,7.0,8.0
51720,2.0,2.0,2.0
51135,10.0,10.0,5.0
51137,27.0,27.0,24.0
51139,15.0,15.0,20.0
51141,22.0,22.0,6.0
51730,77.0,77.0,65.0
51143,76.0,76.0,208.0
51735,10.0,10.0,22.0
51740,121.0,121.0,114.0
51145,35.0,35.0,22.0
51147,11.0,11.0,9.0
51149,47.0,47.0,54.0
51153,453.0,453.0,547.0
51155,26.0,26.0,32.0
51750,21.0,21.0,30.0
51157,4.0,4.0,2.0
51760,136.0,136.0,175.0
51159,19.0,19.0,13.0
51770,118.0,118.0,78.0
51161,78.0,78.0,81.0
51163,55.0,55.0,18.0
51165,44.0,44.0,58.0
51167,27.0,27.0,18.0
51775,25.0,25.0,30.0
51169,16.0,16.0,28.0
51171,45.0,45.0,50.0
51173,18.0,18.0,14.0
51175,9.0,9.0,8.0
51177,111.0,111.0,50.0
51179,128.0,128.0,89.0
51790,19.0,19.0,15.0
51800,82.0,82.0,76.0
51181,10.0,10.0,9.0
51183,15.0,15.0,12.0
51185,47.0,47.0,35.0
51810,473.0,473.0,482.0
51187,45.0,45.0,62.0
51191,44.0,44.0,43.0
51820,17.0,17.0,17.0
51193,12.0,12.0,21.0
51830,6.0,6.0,16.0
51840,27.0,27.0,55.0
51195,25.0,25.0,18.0
51197,35.0,35.0,38.0
51199,70.0,70.0,105.0
53001,11.0,11.0,12.0
53003,5.0,5.0,18.0
53005,119.0,119.0,145.0
53007,28.0,28.0,77.0
53009,8.0,8.0,13.0
53011,207.0,207.0,315.0
53013,1.0,1.0,0.0
53015,62.0,62.0,91.0
53017,21.0,21.0,54.0
53019,1.0,1.0,4.0
53021,80.0,80.0,94.0
53023,0.0,0.0,2.0
53025,60.0,60.0,94.0
53027,42.0,42.0,50.0
53029,49.0,49.0,29.0
53031,0.0,0.0,5.0
53033,1024.0,1024.0,1392.0
53035,90.0,90.0,158.0
53037,48.0,48.0,79.0
53039,5.0,5.0,7.0
53041,40.0,40.0,55.0
53043,4.0,4.0,2.0
53045,20.0,20.0,23.0
53047,18.0,18.0,28.0
53049,22.0,22.0,7.0
53051,6.0,6.0,10.0
53053,644.0,644.0,962.0
53055,1.0,1.0,0.0
53057,68.0,68.0,43.0
53059,0.0,0.0,1.0
53061,264.0,264.0,375.0
53063,334.0,334.0,435.0
53065,23.0,23.0,29.0
53067,95.0,95.0,107.0
53069,3.0,3.0,0.0
53071,21.0,21.0,7.0
53073,144.0,144.0,141.0
53075,31.0,31.0,238.0
53077,306.0,306.0,263.0
54001,20.0,20.0,10.0
54003,160.0,160.0,180.0
54005,25.0,25.0,35.0
54007,9.0,9.0,13.0
54009,16.0,16.0,5.0
54011,109.0,109.0,72.0
54013,2.0,2.0,4.0
54015,2.0,2.0,3.0
54017,6.0,6.0,24.0
54019,48.0,48.0,76.0
54021,2.0,2.0,4.0
54023,22.0,22.0,20.0
54025,14.0,14.0,11.0
54027,10.0,10.0,18.0
54029,1.0,1.0,0.0
54031,15.0,15.0,28.0
54033,54.0,54.0,55.0
54035,13.0,13.0,12.0
54037,35.0,35.0,99.0
54039,115.0,115.0,185.0
54041,10.0,10.0,7.0
54043,23.0,23.0,34.0
54045,45.0,45.0,100.0
54049,46.0,46.0,55.0
54051,34.0,34.0,36.0
54053,18.0,18.0,17.0
54047,16.0,16.0,9.0
54055,34.0,34.0,34.0
54057,6.0,6.0,12.0
54059,32.0,32.0,39.0
54061,105.0,105.0,122.0
54063,16.0,16.0,20.0
54065,8.0,8.0,9.0
54067,37.0,37.0,55.0
54069,24.0,24.0,41.0
54071,2.0,2.0,8.0
54073,8.0,8.0,3.0
54075,4.0,4.0,2.0
54077,46.0,46.0,34.0
54079,50.0,50.0,52.0
54081,91.0,91.0,192.0
54083,15.0,15.0,8.0
54085,6.0,6.0,3.0
54087,2.0,2.0,0.0
54089,1.0,1.0,2.0
54091,3.0,3.0,17.0
54093,4.0,4.0,3.0
54095,7.0,7.0,8.0
54097,10.0,10.0,16.0
54099,7.0,7.0,19.0
54101,9.0,9.0,31.0
54103,6.0,6.0,25.0
54105,2.0,2.0,4.0
54107,77.0,77.0,44.0
54109,13.0,13.0,18.0
55001,13.0,13.0,6.0
55003,7.0,7.0,6.0
55005,41.0,41.0,33.0
55007,3.0,3.0,8.0
55009,231.0,231.0,281.0
55011,1.0,1.0,2.0
55013,6.0,6.0,7.0
55015,37.0,37.0,43.0
55017,34.0,34.0,39.0
55019,3.0,3.0,1.0
55021,26.0,26.0,33.0
55023,1.0,1.0,3.0
55025,273.0,273.0,290.0
55027,52.0,52.0,49.0
55029,13.0,13.0,29.0
55031,20.0,20.0,31.0
55033,17.0,17.0,28.0
55035,49.0,49.0,59.0
55037,2.0,2.0,3.0
55039,36.0,36.0,46.0
55041,4.0,4.0,7.0
55043,18.0,18.0,17.0
55045,37.0,37.0,33.0
55047,5.0,5.0,4.0
55049,23.0,23.0,22.0
55051,5.0,5.0,1.0
55053,6.0,6.0,4.0
55055,58.0,58.0,69.0
55057,22.0,22.0,19.0
55059,104.0,104.0,114.0
55061,6.0,6.0,2.0
55063,68.0,68.0,60.0
55065,12.0,12.0,6.0
55067,3.0,3.0,2.0
55069,7.0,7.0,13.0
55071,32.0,32.0,34.0
55073,66.0,66.0,76.0
55075,11.0,11.0,9.0
55077,7.0,7.0,1.0
55078,0.0,0.0,1.0
55079,498.0,498.0,666.0
55081,14.0,14.0,12.0
55083,22.0,22.0,19.0
55085,19.0,19.0,23.0
55087,193.0,193.0,217.0
55089,62.0,62.0,78.0
55091,4.0,4.0,5.0
55093,32.0,32.0,49.0
55095,35.0,35.0,28.0
55097,22.0,22.0,14.0
55099,7.0,7.0,1.0
55101,107.0,107.0,83.0
55103,2.0,2.0,3.0
55105,82.0,82.0,77.0
55107,8.0,8.0,9.0
55111,48.0,48.0,50.0
55113,12.0,12.0,7.0
55115,19.0,19.0,29.0
55117,95.0,95.0,103.0
55109,77.0,77.0,75.0
55119,10.0,10.0,10.0
55121,14.0,14.0,11.0
55123,11.0,11.0,5.0
55125,16.0,16.0,13.0
55127,72.0,72.0,86.0
55129,9.0,9.0,15.0
55131,81.0,81.0,89.0
55133,295.0,295.0,440.0
55135,34.0,34.0,45.0
55137,3.0,3.0,11.0
55139,117.0,117.0,140.0
55141,14.0,14.0,19.0
56001,7.0,7.0,11.0
56003,4.0,4.0,12.0
56005,14.0,14.0,13.0
56007,12.0,12.0,13.0
56009,2.0,2.0,1.0
56011,0.0,0.0,4.0
56013,28.0,28.0,56.0
56015,5.0,5.0,8.0
56017,1.0,1.0,1.0
56019,1.0,1.0,0.0
56021,84.0,84.0,61.0
56023,15.0,15.0,25.0
56025,29.0,29.0,15.0
56027,0.0,0.0,0.0
56029,2.0,2.0,18.0
56031,3.0,3.0,7.0
56033,7.0,7.0,6.0
56035,2.0,2.0,4.0
56037,42.0,42.0,64.0
56039,33.0,33.0,83.0
56041,12.0,12.0,15.0
56043,2.0,2.0,0.0
56045,2.0,2.0,0.0
